quality,visual_family,abandoned_state,state_eligible,footprint,height,vanilla_block_count,domum_block_count,block_entity_count,container_count,mandatory_path_clear,shelter_entrance_clear,shaft_exit_clear,cross_chunk_writes,surface_ore_count,productive_reservation_change,deterministic_selection_key,measurement_status
DRY,TEMPERATE,RECENTLY_ABANDONED,NO,9,4,,,,,NOT_APPLICABLE,NOT_APPLICABLE,NOT_APPLICABLE,,,NOT_APPLICABLE,NOT_ELIGIBLE,STATIC_MODEL_UPPER_BOUND
DRY,TEMPERATE,WEATHERED,YES,9,4,90,0,0,0,YES,YES,YES,0,0,NONE,mix64(planSeed^ABANDONED_STATE_SELECTION_SALT)%3,STATIC_MODEL_UPPER_BOUND
DRY,TEMPERATE,COLLAPSED,YES,9,4,94,0,0,0,YES,YES,YES,0,0,NONE,mix64(planSeed^ABANDONED_STATE_SELECTION_SALT)%3,STATIC_MODEL_UPPER_BOUND
DRY,TEMPERATE,FAILED_PROSPECTION,YES,9,4,90,0,0,0,YES,YES,YES,0,0,NONE,mix64(planSeed^ABANDONED_STATE_SELECTION_SALT)%3,STATIC_MODEL_UPPER_BOUND
DRY,TEMPERATE,EVACUATED,NO,9,4,,,,,NOT_APPLICABLE,NOT_APPLICABLE,NOT_APPLICABLE,,,NOT_APPLICABLE,NOT_ELIGIBLE,STATIC_MODEL_UPPER_BOUND
DRY,CONIFER,RECENTLY_ABANDONED,NO,9,4,,,,,NOT_APPLICABLE,NOT_APPLICABLE,NOT_APPLICABLE,,,NOT_APPLICABLE,NOT_ELIGIBLE,STATIC_MODEL_UPPER_BOUND
DRY,CONIFER,WEATHERED,YES,9,4,92,0,0,0,YES,YES,YES,0,0,NONE,mix64(planSeed^ABANDONED_STATE_SELECTION_SALT)%3,STATIC_MODEL_UPPER_BOUND
DRY,CONIFER,COLLAPSED,YES,9,4,96,0,0,0,YES,YES,YES,0,0,NONE,mix64(planSeed^ABANDONED_STATE_SELECTION_SALT)%3,STATIC_MODEL_UPPER_BOUND
DRY,CONIFER,FAILED_PROSPECTION,YES,9,4,92,0,0,0,YES,YES,YES,0,0,NONE,mix64(planSeed^ABANDONED_STATE_SELECTION_SALT)%3,STATIC_MODEL_UPPER_BOUND
DRY,CONIFER,EVACUATED,NO,9,4,,,,,NOT_APPLICABLE,NOT_APPLICABLE,NOT_APPLICABLE,,,NOT_APPLICABLE,NOT_ELIGIBLE,STATIC_MODEL_UPPER_BOUND
DRY,SNOWY,RECENTLY_ABANDONED,NO,9,4,,,,,NOT_APPLICABLE,NOT_APPLICABLE,NOT_APPLICABLE,,,NOT_APPLICABLE,NOT_ELIGIBLE,STATIC_MODEL_UPPER_BOUND
DRY,SNOWY,WEATHERED,YES,9,4,92,0,0,0,YES,YES,YES,0,0,NONE,mix64(planSeed^ABANDONED_STATE_SELECTION_SALT)%3,STATIC_MODEL_UPPER_BOUND
DRY,SNOWY,COLLAPSED,YES,9,4,96,0,0,0,YES,YES,YES,0,0,NONE,mix64(planSeed^ABANDONED_STATE_SELECTION_SALT)%3,STATIC_MODEL_UPPER_BOUND
DRY,SNOWY,FAILED_PROSPECTION,YES,9,4,92,0,0,0,YES,YES,YES,0,0,NONE,mix64(planSeed^ABANDONED_STATE_SELECTION_SALT)%3,STATIC_MODEL_UPPER_BOUND
DRY,SNOWY,EVACUATED,NO,9,4,,,,,NOT_APPLICABLE,NOT_APPLICABLE,NOT_APPLICABLE,,,NOT_APPLICABLE,NOT_ELIGIBLE,STATIC_MODEL_UPPER_BOUND
DRY,WETLAND,RECENTLY_ABANDONED,NO,9,4,,,,,NOT_APPLICABLE,NOT_APPLICABLE,NOT_APPLICABLE,,,NOT_APPLICABLE,NOT_ELIGIBLE,STATIC_MODEL_UPPER_BOUND
DRY,WETLAND,WEATHERED,YES,9,4,90,0,0,0,YES,YES,YES,0,0,NONE,mix64(planSeed^ABANDONED_STATE_SELECTION_SALT)%3,STATIC_MODEL_UPPER_BOUND
DRY,WETLAND,COLLAPSED,YES,9,4,94,0,0,0,YES,YES,YES,0,0,NONE,mix64(planSeed^ABANDONED_STATE_SELECTION_SALT)%3,STATIC_MODEL_UPPER_BOUND
DRY,WETLAND,FAILED_PROSPECTION,YES,9,4,90,0,0,0,YES,YES,YES,0,0,NONE,mix64(planSeed^ABANDONED_STATE_SELECTION_SALT)%3,STATIC_MODEL_UPPER_BOUND
DRY,WETLAND,EVACUATED,NO,9,4,,,,,NOT_APPLICABLE,NOT_APPLICABLE,NOT_APPLICABLE,,,NOT_APPLICABLE,NOT_ELIGIBLE,STATIC_MODEL_UPPER_BOUND
DRY,TROPICAL,RECENTLY_ABANDONED,NO,9,4,,,,,NOT_APPLICABLE,NOT_APPLICABLE,NOT_APPLICABLE,,,NOT_APPLICABLE,NOT_ELIGIBLE,STATIC_MODEL_UPPER_BOUND
DRY,TROPICAL,WEATHERED,YES,9,4,93,0,0,0,YES,YES,YES,0,0,NONE,mix64(planSeed^ABANDONED_STATE_SELECTION_SALT)%3,STATIC_MODEL_UPPER_BOUND
DRY,TROPICAL,COLLAPSED,YES,9,4,97,0,0,0,YES,YES,YES,0,0,NONE,mix64(planSeed^ABANDONED_STATE_SELECTION_SALT)%3,STATIC_MODEL_UPPER_BOUND
DRY,TROPICAL,FAILED_PROSPECTION,YES,9,4,93,0,0,0,YES,YES,YES,0,0,NONE,mix64(planSeed^ABANDONED_STATE_SELECTION_SALT)%3,STATIC_MODEL_UPPER_BOUND
DRY,TROPICAL,EVACUATED,NO,9,4,,,,,NOT_APPLICABLE,NOT_APPLICABLE,NOT_APPLICABLE,,,NOT_APPLICABLE,NOT_ELIGIBLE,STATIC_MODEL_UPPER_BOUND
DRY,ARID,RECENTLY_ABANDONED,NO,9,4,,,,,NOT_APPLICABLE,NOT_APPLICABLE,NOT_APPLICABLE,,,NOT_APPLICABLE,NOT_ELIGIBLE,STATIC_MODEL_UPPER_BOUND
DRY,ARID,WEATHERED,YES,9,4,91,0,0,0,YES,YES,YES,0,0,NONE,mix64(planSeed^ABANDONED_STATE_SELECTION_SALT)%3,STATIC_MODEL_UPPER_BOUND
DRY,ARID,COLLAPSED,YES,9,4,95,0,0,0,YES,YES,YES,0,0,NONE,mix64(planSeed^ABANDONED_STATE_SELECTION_SALT)%3,STATIC_MODEL_UPPER_BOUND
DRY,ARID,FAILED_PROSPECTION,YES,9,4,91,0,0,0,YES,YES,YES,0,0,NONE,mix64(planSeed^ABANDONED_STATE_SELECTION_SALT)%3,STATIC_MODEL_UPPER_BOUND
DRY,ARID,EVACUATED,NO,9,4,,,,,NOT_APPLICABLE,NOT_APPLICABLE,NOT_APPLICABLE,,,NOT_APPLICABLE,NOT_ELIGIBLE,STATIC_MODEL_UPPER_BOUND
DRY,ROCKY,RECENTLY_ABANDONED,NO,9,4,,,,,NOT_APPLICABLE,NOT_APPLICABLE,NOT_APPLICABLE,,,NOT_APPLICABLE,NOT_ELIGIBLE,STATIC_MODEL_UPPER_BOUND
DRY,ROCKY,WEATHERED,YES,9,4,90,0,0,0,YES,YES,YES,0,0,NONE,mix64(planSeed^ABANDONED_STATE_SELECTION_SALT)%3,STATIC_MODEL_UPPER_BOUND
DRY,ROCKY,COLLAPSED,YES,9,4,94,0,0,0,YES,YES,YES,0,0,NONE,mix64(planSeed^ABANDONED_STATE_SELECTION_SALT)%3,STATIC_MODEL_UPPER_BOUND
DRY,ROCKY,FAILED_PROSPECTION,YES,9,4,90,0,0,0,YES,YES,YES,0,0,NONE,mix64(planSeed^ABANDONED_STATE_SELECTION_SALT)%3,STATIC_MODEL_UPPER_BOUND
DRY,ROCKY,EVACUATED,NO,9,4,,,,,NOT_APPLICABLE,NOT_APPLICABLE,NOT_APPLICABLE,,,NOT_APPLICABLE,NOT_ELIGIBLE,STATIC_MODEL_UPPER_BOUND
DRY,VOLCANIC,RECENTLY_ABANDONED,NO,9,4,,,,,NOT_APPLICABLE,NOT_APPLICABLE,NOT_APPLICABLE,,,NOT_APPLICABLE,NOT_ELIGIBLE,STATIC_MODEL_UPPER_BOUND
DRY,VOLCANIC,WEATHERED,YES,9,4,90,0,0,0,YES,YES,YES,0,0,NONE,mix64(planSeed^ABANDONED_STATE_SELECTION_SALT)%3,STATIC_MODEL_UPPER_BOUND
DRY,VOLCANIC,COLLAPSED,YES,9,4,94,0,0,0,YES,YES,YES,0,0,NONE,mix64(planSeed^ABANDONED_STATE_SELECTION_SALT)%3,STATIC_MODEL_UPPER_BOUND
DRY,VOLCANIC,FAILED_PROSPECTION,YES,9,4,90,0,0,0,YES,YES,YES,0,0,NONE,mix64(planSeed^ABANDONED_STATE_SELECTION_SALT)%3,STATIC_MODEL_UPPER_BOUND
DRY,VOLCANIC,EVACUATED,NO,9,4,,,,,NOT_APPLICABLE,NOT_APPLICABLE,NOT_APPLICABLE,,,NOT_APPLICABLE,NOT_ELIGIBLE,STATIC_MODEL_UPPER_BOUND
POOR,TEMPERATE,RECENTLY_ABANDONED,YES,11,5,116,7,8,1,YES,YES,YES,0,0,NONE,mix64(planSeed^ABANDONED_STATE_SELECTION_SALT)%4,STATIC_MODEL_UPPER_BOUND
POOR,TEMPERATE,WEATHERED,YES,11,5,116,7,8,1,YES,YES,YES,0,0,NONE,mix64(planSeed^ABANDONED_STATE_SELECTION_SALT)%4,STATIC_MODEL_UPPER_BOUND
POOR,TEMPERATE,COLLAPSED,YES,11,5,120,7,7,0,YES,YES,YES,0,0,NONE,mix64(planSeed^ABANDONED_STATE_SELECTION_SALT)%4,STATIC_MODEL_UPPER_BOUND
POOR,TEMPERATE,FAILED_PROSPECTION,YES,11,5,116,7,7,0,YES,YES,YES,0,0,NONE,mix64(planSeed^ABANDONED_STATE_SELECTION_SALT)%4,STATIC_MODEL_UPPER_BOUND
POOR,TEMPERATE,EVACUATED,NO,11,5,,,,,NOT_APPLICABLE,NOT_APPLICABLE,NOT_APPLICABLE,,,NOT_APPLICABLE,NOT_ELIGIBLE,STATIC_MODEL_UPPER_BOUND
POOR,CONIFER,RECENTLY_ABANDONED,YES,11,5,119,7,8,1,YES,YES,YES,0,0,NONE,mix64(planSeed^ABANDONED_STATE_SELECTION_SALT)%4,STATIC_MODEL_UPPER_BOUND
POOR,CONIFER,WEATHERED,YES,11,5,119,7,8,1,YES,YES,YES,0,0,NONE,mix64(planSeed^ABANDONED_STATE_SELECTION_SALT)%4,STATIC_MODEL_UPPER_BOUND
POOR,CONIFER,COLLAPSED,YES,11,5,123,7,7,0,YES,YES,YES,0,0,NONE,mix64(planSeed^ABANDONED_STATE_SELECTION_SALT)%4,STATIC_MODEL_UPPER_BOUND
POOR,CONIFER,FAILED_PROSPECTION,YES,11,5,119,7,7,0,YES,YES,YES,0,0,NONE,mix64(planSeed^ABANDONED_STATE_SELECTION_SALT)%4,STATIC_MODEL_UPPER_BOUND
POOR,CONIFER,EVACUATED,NO,11,5,,,,,NOT_APPLICABLE,NOT_APPLICABLE,NOT_APPLICABLE,,,NOT_APPLICABLE,NOT_ELIGIBLE,STATIC_MODEL_UPPER_BOUND
POOR,SNOWY,RECENTLY_ABANDONED,YES,11,5,118,7,8,1,YES,YES,YES,0,0,NONE,mix64(planSeed^ABANDONED_STATE_SELECTION_SALT)%4,STATIC_MODEL_UPPER_BOUND
POOR,SNOWY,WEATHERED,YES,11,5,118,7,8,1,YES,YES,YES,0,0,NONE,mix64(planSeed^ABANDONED_STATE_SELECTION_SALT)%4,STATIC_MODEL_UPPER_BOUND
POOR,SNOWY,COLLAPSED,YES,11,5,122,7,7,0,YES,YES,YES,0,0,NONE,mix64(planSeed^ABANDONED_STATE_SELECTION_SALT)%4,STATIC_MODEL_UPPER_BOUND
POOR,SNOWY,FAILED_PROSPECTION,YES,11,5,118,7,7,0,YES,YES,YES,0,0,NONE,mix64(planSeed^ABANDONED_STATE_SELECTION_SALT)%4,STATIC_MODEL_UPPER_BOUND
POOR,SNOWY,EVACUATED,NO,11,5,,,,,NOT_APPLICABLE,NOT_APPLICABLE,NOT_APPLICABLE,,,NOT_APPLICABLE,NOT_ELIGIBLE,STATIC_MODEL_UPPER_BOUND
POOR,WETLAND,RECENTLY_ABANDONED,YES,11,5,124,7,8,1,YES,YES,YES,0,0,NONE,mix64(planSeed^ABANDONED_STATE_SELECTION_SALT)%4,STATIC_MODEL_UPPER_BOUND
POOR,WETLAND,WEATHERED,YES,11,5,124,7,8,1,YES,YES,YES,0,0,NONE,mix64(planSeed^ABANDONED_STATE_SELECTION_SALT)%4,STATIC_MODEL_UPPER_BOUND
POOR,WETLAND,COLLAPSED,YES,11,5,128,7,7,0,YES,YES,YES,0,0,NONE,mix64(planSeed^ABANDONED_STATE_SELECTION_SALT)%4,STATIC_MODEL_UPPER_BOUND
POOR,WETLAND,FAILED_PROSPECTION,YES,11,5,124,7,7,0,YES,YES,YES,0,0,NONE,mix64(planSeed^ABANDONED_STATE_SELECTION_SALT)%4,STATIC_MODEL_UPPER_BOUND
POOR,WETLAND,EVACUATED,NO,11,5,,,,,NOT_APPLICABLE,NOT_APPLICABLE,NOT_APPLICABLE,,,NOT_APPLICABLE,NOT_ELIGIBLE,STATIC_MODEL_UPPER_BOUND
POOR,TROPICAL,RECENTLY_ABANDONED,YES,11,5,124,7,8,1,YES,YES,YES,0,0,NONE,mix64(planSeed^ABANDONED_STATE_SELECTION_SALT)%4,STATIC_MODEL_UPPER_BOUND
POOR,TROPICAL,WEATHERED,YES,11,5,124,7,8,1,YES,YES,YES,0,0,NONE,mix64(planSeed^ABANDONED_STATE_SELECTION_SALT)%4,STATIC_MODEL_UPPER_BOUND
POOR,TROPICAL,COLLAPSED,YES,11,5,128,7,7,0,YES,YES,YES,0,0,NONE,mix64(planSeed^ABANDONED_STATE_SELECTION_SALT)%4,STATIC_MODEL_UPPER_BOUND
POOR,TROPICAL,FAILED_PROSPECTION,YES,11,5,124,7,7,0,YES,YES,YES,0,0,NONE,mix64(planSeed^ABANDONED_STATE_SELECTION_SALT)%4,STATIC_MODEL_UPPER_BOUND
POOR,TROPICAL,EVACUATED,NO,11,5,,,,,NOT_APPLICABLE,NOT_APPLICABLE,NOT_APPLICABLE,,,NOT_APPLICABLE,NOT_ELIGIBLE,STATIC_MODEL_UPPER_BOUND
POOR,ARID,RECENTLY_ABANDONED,YES,11,5,115,7,8,1,YES,YES,YES,0,0,NONE,mix64(planSeed^ABANDONED_STATE_SELECTION_SALT)%4,STATIC_MODEL_UPPER_BOUND
POOR,ARID,WEATHERED,YES,11,5,115,7,8,1,YES,YES,YES,0,0,NONE,mix64(planSeed^ABANDONED_STATE_SELECTION_SALT)%4,STATIC_MODEL_UPPER_BOUND
POOR,ARID,COLLAPSED,YES,11,5,119,7,7,0,YES,YES,YES,0,0,NONE,mix64(planSeed^ABANDONED_STATE_SELECTION_SALT)%4,STATIC_MODEL_UPPER_BOUND
POOR,ARID,FAILED_PROSPECTION,YES,11,5,115,7,7,0,YES,YES,YES,0,0,NONE,mix64(planSeed^ABANDONED_STATE_SELECTION_SALT)%4,STATIC_MODEL_UPPER_BOUND
POOR,ARID,EVACUATED,NO,11,5,,,,,NOT_APPLICABLE,NOT_APPLICABLE,NOT_APPLICABLE,,,NOT_APPLICABLE,NOT_ELIGIBLE,STATIC_MODEL_UPPER_BOUND
POOR,ROCKY,RECENTLY_ABANDONED,YES,11,5,116,7,8,1,YES,YES,YES,0,0,NONE,mix64(planSeed^ABANDONED_STATE_SELECTION_SALT)%4,STATIC_MODEL_UPPER_BOUND
POOR,ROCKY,WEATHERED,YES,11,5,116,7,8,1,YES,YES,YES,0,0,NONE,mix64(planSeed^ABANDONED_STATE_SELECTION_SALT)%4,STATIC_MODEL_UPPER_BOUND
POOR,ROCKY,COLLAPSED,YES,11,5,120,7,7,0,YES,YES,YES,0,0,NONE,mix64(planSeed^ABANDONED_STATE_SELECTION_SALT)%4,STATIC_MODEL_UPPER_BOUND
POOR,ROCKY,FAILED_PROSPECTION,YES,11,5,116,7,7,0,YES,YES,YES,0,0,NONE,mix64(planSeed^ABANDONED_STATE_SELECTION_SALT)%4,STATIC_MODEL_UPPER_BOUND
POOR,ROCKY,EVACUATED,NO,11,5,,,,,NOT_APPLICABLE,NOT_APPLICABLE,NOT_APPLICABLE,,,NOT_APPLICABLE,NOT_ELIGIBLE,STATIC_MODEL_UPPER_BOUND
POOR,VOLCANIC,RECENTLY_ABANDONED,YES,11,5,117,7,8,1,YES,YES,YES,0,0,NONE,mix64(planSeed^ABANDONED_STATE_SELECTION_SALT)%4,STATIC_MODEL_UPPER_BOUND
POOR,VOLCANIC,WEATHERED,YES,11,5,117,7,8,1,YES,YES,YES,0,0,NONE,mix64(planSeed^ABANDONED_STATE_SELECTION_SALT)%4,STATIC_MODEL_UPPER_BOUND
POOR,VOLCANIC,COLLAPSED,YES,11,5,121,7,7,0,YES,YES,YES,0,0,NONE,mix64(planSeed^ABANDONED_STATE_SELECTION_SALT)%4,STATIC_MODEL_UPPER_BOUND
POOR,VOLCANIC,FAILED_PROSPECTION,YES,11,5,117,7,7,0,YES,YES,YES,0,0,NONE,mix64(planSeed^ABANDONED_STATE_SELECTION_SALT)%4,STATIC_MODEL_UPPER_BOUND
POOR,VOLCANIC,EVACUATED,NO,11,5,,,,,NOT_APPLICABLE,NOT_APPLICABLE,NOT_APPLICABLE,,,NOT_APPLICABLE,NOT_ELIGIBLE,STATIC_MODEL_UPPER_BOUND
NORMAL,TEMPERATE,RECENTLY_ABANDONED,YES,13,6,186,12,13,1,YES,YES,YES,0,0,NONE,mix64(planSeed^ABANDONED_STATE_SELECTION_SALT)%4,STATIC_MODEL_UPPER_BOUND
NORMAL,TEMPERATE,WEATHERED,YES,13,6,186,12,13,1,YES,YES,YES,0,0,NONE,mix64(planSeed^ABANDONED_STATE_SELECTION_SALT)%4,STATIC_MODEL_UPPER_BOUND
NORMAL,TEMPERATE,COLLAPSED,YES,13,6,190,12,12,0,YES,YES,YES,0,0,NONE,mix64(planSeed^ABANDONED_STATE_SELECTION_SALT)%4,STATIC_MODEL_UPPER_BOUND
NORMAL,TEMPERATE,FAILED_PROSPECTION,NO,13,6,,,,,NOT_APPLICABLE,NOT_APPLICABLE,NOT_APPLICABLE,,,NOT_APPLICABLE,NOT_ELIGIBLE,STATIC_MODEL_UPPER_BOUND
NORMAL,TEMPERATE,EVACUATED,YES,13,6,186,12,12,0,YES,YES,YES,0,0,NONE,mix64(planSeed^ABANDONED_STATE_SELECTION_SALT)%4,STATIC_MODEL_UPPER_BOUND
NORMAL,CONIFER,RECENTLY_ABANDONED,YES,13,6,191,12,13,1,YES,YES,YES,0,0,NONE,mix64(planSeed^ABANDONED_STATE_SELECTION_SALT)%4,STATIC_MODEL_UPPER_BOUND
NORMAL,CONIFER,WEATHERED,YES,13,6,191,12,13,1,YES,YES,YES,0,0,NONE,mix64(planSeed^ABANDONED_STATE_SELECTION_SALT)%4,STATIC_MODEL_UPPER_BOUND
NORMAL,CONIFER,COLLAPSED,YES,13,6,195,12,12,0,YES,YES,YES,0,0,NONE,mix64(planSeed^ABANDONED_STATE_SELECTION_SALT)%4,STATIC_MODEL_UPPER_BOUND
NORMAL,CONIFER,FAILED_PROSPECTION,NO,13,6,,,,,NOT_APPLICABLE,NOT_APPLICABLE,NOT_APPLICABLE,,,NOT_APPLICABLE,NOT_ELIGIBLE,STATIC_MODEL_UPPER_BOUND
NORMAL,CONIFER,EVACUATED,YES,13,6,191,12,12,0,YES,YES,YES,0,0,NONE,mix64(planSeed^ABANDONED_STATE_SELECTION_SALT)%4,STATIC_MODEL_UPPER_BOUND
NORMAL,SNOWY,RECENTLY_ABANDONED,YES,13,6,190,12,13,1,YES,YES,YES,0,0,NONE,mix64(planSeed^ABANDONED_STATE_SELECTION_SALT)%4,STATIC_MODEL_UPPER_BOUND
NORMAL,SNOWY,WEATHERED,YES,13,6,190,12,13,1,YES,YES,YES,0,0,NONE,mix64(planSeed^ABANDONED_STATE_SELECTION_SALT)%4,STATIC_MODEL_UPPER_BOUND
NORMAL,SNOWY,COLLAPSED,YES,13,6,194,12,12,0,YES,YES,YES,0,0,NONE,mix64(planSeed^ABANDONED_STATE_SELECTION_SALT)%4,STATIC_MODEL_UPPER_BOUND
NORMAL,SNOWY,FAILED_PROSPECTION,NO,13,6,,,,,NOT_APPLICABLE,NOT_APPLICABLE,NOT_APPLICABLE,,,NOT_APPLICABLE,NOT_ELIGIBLE,STATIC_MODEL_UPPER_BOUND
NORMAL,SNOWY,EVACUATED,YES,13,6,190,12,12,0,YES,YES,YES,0,0,NONE,mix64(planSeed^ABANDONED_STATE_SELECTION_SALT)%4,STATIC_MODEL_UPPER_BOUND
NORMAL,WETLAND,RECENTLY_ABANDONED,YES,13,6,197,12,13,1,YES,YES,YES,0,0,NONE,mix64(planSeed^ABANDONED_STATE_SELECTION_SALT)%4,STATIC_MODEL_UPPER_BOUND
NORMAL,WETLAND,WEATHERED,YES,13,6,197,12,13,1,YES,YES,YES,0,0,NONE,mix64(planSeed^ABANDONED_STATE_SELECTION_SALT)%4,STATIC_MODEL_UPPER_BOUND
NORMAL,WETLAND,COLLAPSED,YES,13,6,201,12,12,0,YES,YES,YES,0,0,NONE,mix64(planSeed^ABANDONED_STATE_SELECTION_SALT)%4,STATIC_MODEL_UPPER_BOUND
NORMAL,WETLAND,FAILED_PROSPECTION,NO,13,6,,,,,NOT_APPLICABLE,NOT_APPLICABLE,NOT_APPLICABLE,,,NOT_APPLICABLE,NOT_ELIGIBLE,STATIC_MODEL_UPPER_BOUND
NORMAL,WETLAND,EVACUATED,YES,13,6,197,12,12,0,YES,YES,YES,0,0,NONE,mix64(planSeed^ABANDONED_STATE_SELECTION_SALT)%4,STATIC_MODEL_UPPER_BOUND
NORMAL,TROPICAL,RECENTLY_ABANDONED,YES,13,6,201,12,13,1,YES,YES,YES,0,0,NONE,mix64(planSeed^ABANDONED_STATE_SELECTION_SALT)%4,STATIC_MODEL_UPPER_BOUND
NORMAL,TROPICAL,WEATHERED,YES,13,6,201,12,13,1,YES,YES,YES,0,0,NONE,mix64(planSeed^ABANDONED_STATE_SELECTION_SALT)%4,STATIC_MODEL_UPPER_BOUND
NORMAL,TROPICAL,COLLAPSED,YES,13,6,205,12,12,0,YES,YES,YES,0,0,NONE,mix64(planSeed^ABANDONED_STATE_SELECTION_SALT)%4,STATIC_MODEL_UPPER_BOUND
NORMAL,TROPICAL,FAILED_PROSPECTION,NO,13,6,,,,,NOT_APPLICABLE,NOT_APPLICABLE,NOT_APPLICABLE,,,NOT_APPLICABLE,NOT_ELIGIBLE,STATIC_MODEL_UPPER_BOUND
NORMAL,TROPICAL,EVACUATED,YES,13,6,201,12,12,0,YES,YES,YES,0,0,NONE,mix64(planSeed^ABANDONED_STATE_SELECTION_SALT)%4,STATIC_MODEL_UPPER_BOUND
NORMAL,ARID,RECENTLY_ABANDONED,YES,13,6,187,12,13,1,YES,YES,YES,0,0,NONE,mix64(planSeed^ABANDONED_STATE_SELECTION_SALT)%4,STATIC_MODEL_UPPER_BOUND
NORMAL,ARID,WEATHERED,YES,13,6,187,12,13,1,YES,YES,YES,0,0,NONE,mix64(planSeed^ABANDONED_STATE_SELECTION_SALT)%4,STATIC_MODEL_UPPER_BOUND
NORMAL,ARID,COLLAPSED,YES,13,6,191,12,12,0,YES,YES,YES,0,0,NONE,mix64(planSeed^ABANDONED_STATE_SELECTION_SALT)%4,STATIC_MODEL_UPPER_BOUND
NORMAL,ARID,FAILED_PROSPECTION,NO,13,6,,,,,NOT_APPLICABLE,NOT_APPLICABLE,NOT_APPLICABLE,,,NOT_APPLICABLE,NOT_ELIGIBLE,STATIC_MODEL_UPPER_BOUND
NORMAL,ARID,EVACUATED,YES,13,6,187,12,12,0,YES,YES,YES,0,0,NONE,mix64(planSeed^ABANDONED_STATE_SELECTION_SALT)%4,STATIC_MODEL_UPPER_BOUND
NORMAL,ROCKY,RECENTLY_ABANDONED,YES,13,6,188,12,13,1,YES,YES,YES,0,0,NONE,mix64(planSeed^ABANDONED_STATE_SELECTION_SALT)%4,STATIC_MODEL_UPPER_BOUND
NORMAL,ROCKY,WEATHERED,YES,13,6,188,12,13,1,YES,YES,YES,0,0,NONE,mix64(planSeed^ABANDONED_STATE_SELECTION_SALT)%4,STATIC_MODEL_UPPER_BOUND
NORMAL,ROCKY,COLLAPSED,YES,13,6,192,12,12,0,YES,YES,YES,0,0,NONE,mix64(planSeed^ABANDONED_STATE_SELECTION_SALT)%4,STATIC_MODEL_UPPER_BOUND
NORMAL,ROCKY,FAILED_PROSPECTION,NO,13,6,,,,,NOT_APPLICABLE,NOT_APPLICABLE,NOT_APPLICABLE,,,NOT_APPLICABLE,NOT_ELIGIBLE,STATIC_MODEL_UPPER_BOUND
NORMAL,ROCKY,EVACUATED,YES,13,6,188,12,12,0,YES,YES,YES,0,0,NONE,mix64(planSeed^ABANDONED_STATE_SELECTION_SALT)%4,STATIC_MODEL_UPPER_BOUND
NORMAL,VOLCANIC,RECENTLY_ABANDONED,YES,13,6,186,12,13,1,YES,YES,YES,0,0,NONE,mix64(planSeed^ABANDONED_STATE_SELECTION_SALT)%4,STATIC_MODEL_UPPER_BOUND
NORMAL,VOLCANIC,WEATHERED,YES,13,6,186,12,13,1,YES,YES,YES,0,0,NONE,mix64(planSeed^ABANDONED_STATE_SELECTION_SALT)%4,STATIC_MODEL_UPPER_BOUND
NORMAL,VOLCANIC,COLLAPSED,YES,13,6,190,12,12,0,YES,YES,YES,0,0,NONE,mix64(planSeed^ABANDONED_STATE_SELECTION_SALT)%4,STATIC_MODEL_UPPER_BOUND
NORMAL,VOLCANIC,FAILED_PROSPECTION,NO,13,6,,,,,NOT_APPLICABLE,NOT_APPLICABLE,NOT_APPLICABLE,,,NOT_APPLICABLE,NOT_ELIGIBLE,STATIC_MODEL_UPPER_BOUND
NORMAL,VOLCANIC,EVACUATED,YES,13,6,186,12,12,0,YES,YES,YES,0,0,NONE,mix64(planSeed^ABANDONED_STATE_SELECTION_SALT)%4,STATIC_MODEL_UPPER_BOUND
RICH,TEMPERATE,RECENTLY_ABANDONED,YES,15,7,259,18,19,1,YES,YES,YES,0,0,NONE,mix64(planSeed^ABANDONED_STATE_SELECTION_SALT)%4,STATIC_MODEL_UPPER_BOUND
RICH,TEMPERATE,WEATHERED,YES,15,7,259,18,19,1,YES,YES,YES,0,0,NONE,mix64(planSeed^ABANDONED_STATE_SELECTION_SALT)%4,STATIC_MODEL_UPPER_BOUND
RICH,TEMPERATE,COLLAPSED,YES,15,7,263,18,19,1,YES,YES,YES,0,0,NONE,mix64(planSeed^ABANDONED_STATE_SELECTION_SALT)%4,STATIC_MODEL_UPPER_BOUND
RICH,TEMPERATE,FAILED_PROSPECTION,NO,15,7,,,,,NOT_APPLICABLE,NOT_APPLICABLE,NOT_APPLICABLE,,,NOT_APPLICABLE,NOT_ELIGIBLE,STATIC_MODEL_UPPER_BOUND
RICH,TEMPERATE,EVACUATED,YES,15,7,259,18,19,1,YES,YES,YES,0,0,NONE,mix64(planSeed^ABANDONED_STATE_SELECTION_SALT)%4,STATIC_MODEL_UPPER_BOUND
RICH,CONIFER,RECENTLY_ABANDONED,YES,15,7,266,18,19,1,YES,YES,YES,0,0,NONE,mix64(planSeed^ABANDONED_STATE_SELECTION_SALT)%4,STATIC_MODEL_UPPER_BOUND
RICH,CONIFER,WEATHERED,YES,15,7,266,18,19,1,YES,YES,YES,0,0,NONE,mix64(planSeed^ABANDONED_STATE_SELECTION_SALT)%4,STATIC_MODEL_UPPER_BOUND
RICH,CONIFER,COLLAPSED,YES,15,7,270,18,19,1,YES,YES,YES,0,0,NONE,mix64(planSeed^ABANDONED_STATE_SELECTION_SALT)%4,STATIC_MODEL_UPPER_BOUND
RICH,CONIFER,FAILED_PROSPECTION,NO,15,7,,,,,NOT_APPLICABLE,NOT_APPLICABLE,NOT_APPLICABLE,,,NOT_APPLICABLE,NOT_ELIGIBLE,STATIC_MODEL_UPPER_BOUND
RICH,CONIFER,EVACUATED,YES,15,7,266,18,19,1,YES,YES,YES,0,0,NONE,mix64(planSeed^ABANDONED_STATE_SELECTION_SALT)%4,STATIC_MODEL_UPPER_BOUND
RICH,SNOWY,RECENTLY_ABANDONED,YES,15,7,264,18,19,1,YES,YES,YES,0,0,NONE,mix64(planSeed^ABANDONED_STATE_SELECTION_SALT)%4,STATIC_MODEL_UPPER_BOUND
RICH,SNOWY,WEATHERED,YES,15,7,264,18,19,1,YES,YES,YES,0,0,NONE,mix64(planSeed^ABANDONED_STATE_SELECTION_SALT)%4,STATIC_MODEL_UPPER_BOUND
RICH,SNOWY,COLLAPSED,YES,15,7,268,18,19,1,YES,YES,YES,0,0,NONE,mix64(planSeed^ABANDONED_STATE_SELECTION_SALT)%4,STATIC_MODEL_UPPER_BOUND
RICH,SNOWY,FAILED_PROSPECTION,NO,15,7,,,,,NOT_APPLICABLE,NOT_APPLICABLE,NOT_APPLICABLE,,,NOT_APPLICABLE,NOT_ELIGIBLE,STATIC_MODEL_UPPER_BOUND
RICH,SNOWY,EVACUATED,YES,15,7,264,18,19,1,YES,YES,YES,0,0,NONE,mix64(planSeed^ABANDONED_STATE_SELECTION_SALT)%4,STATIC_MODEL_UPPER_BOUND
RICH,WETLAND,RECENTLY_ABANDONED,YES,15,7,279,18,19,1,YES,YES,YES,0,0,NONE,mix64(planSeed^ABANDONED_STATE_SELECTION_SALT)%4,STATIC_MODEL_UPPER_BOUND
RICH,WETLAND,WEATHERED,YES,15,7,279,18,19,1,YES,YES,YES,0,0,NONE,mix64(planSeed^ABANDONED_STATE_SELECTION_SALT)%4,STATIC_MODEL_UPPER_BOUND
RICH,WETLAND,COLLAPSED,YES,15,7,283,18,19,1,YES,YES,YES,0,0,NONE,mix64(planSeed^ABANDONED_STATE_SELECTION_SALT)%4,STATIC_MODEL_UPPER_BOUND
RICH,WETLAND,FAILED_PROSPECTION,NO,15,7,,,,,NOT_APPLICABLE,NOT_APPLICABLE,NOT_APPLICABLE,,,NOT_APPLICABLE,NOT_ELIGIBLE,STATIC_MODEL_UPPER_BOUND
RICH,WETLAND,EVACUATED,YES,15,7,279,18,19,1,YES,YES,YES,0,0,NONE,mix64(planSeed^ABANDONED_STATE_SELECTION_SALT)%4,STATIC_MODEL_UPPER_BOUND
RICH,TROPICAL,RECENTLY_ABANDONED,YES,15,7,283,18,19,1,YES,YES,YES,0,0,NONE,mix64(planSeed^ABANDONED_STATE_SELECTION_SALT)%4,STATIC_MODEL_UPPER_BOUND
RICH,TROPICAL,WEATHERED,YES,15,7,283,18,19,1,YES,YES,YES,0,0,NONE,mix64(planSeed^ABANDONED_STATE_SELECTION_SALT)%4,STATIC_MODEL_UPPER_BOUND
RICH,TROPICAL,COLLAPSED,YES,15,7,287,18,19,1,YES,YES,YES,0,0,NONE,mix64(planSeed^ABANDONED_STATE_SELECTION_SALT)%4,STATIC_MODEL_UPPER_BOUND
RICH,TROPICAL,FAILED_PROSPECTION,NO,15,7,,,,,NOT_APPLICABLE,NOT_APPLICABLE,NOT_APPLICABLE,,,NOT_APPLICABLE,NOT_ELIGIBLE,STATIC_MODEL_UPPER_BOUND
RICH,TROPICAL,EVACUATED,YES,15,7,283,18,19,1,YES,YES,YES,0,0,NONE,mix64(planSeed^ABANDONED_STATE_SELECTION_SALT)%4,STATIC_MODEL_UPPER_BOUND
RICH,ARID,RECENTLY_ABANDONED,YES,15,7,261,18,19,1,YES,YES,YES,0,0,NONE,mix64(planSeed^ABANDONED_STATE_SELECTION_SALT)%4,STATIC_MODEL_UPPER_BOUND
RICH,ARID,WEATHERED,YES,15,7,261,18,19,1,YES,YES,YES,0,0,NONE,mix64(planSeed^ABANDONED_STATE_SELECTION_SALT)%4,STATIC_MODEL_UPPER_BOUND
RICH,ARID,COLLAPSED,YES,15,7,265,18,19,1,YES,YES,YES,0,0,NONE,mix64(planSeed^ABANDONED_STATE_SELECTION_SALT)%4,STATIC_MODEL_UPPER_BOUND
RICH,ARID,FAILED_PROSPECTION,NO,15,7,,,,,NOT_APPLICABLE,NOT_APPLICABLE,NOT_APPLICABLE,,,NOT_APPLICABLE,NOT_ELIGIBLE,STATIC_MODEL_UPPER_BOUND
RICH,ARID,EVACUATED,YES,15,7,261,18,19,1,YES,YES,YES,0,0,NONE,mix64(planSeed^ABANDONED_STATE_SELECTION_SALT)%4,STATIC_MODEL_UPPER_BOUND
RICH,ROCKY,RECENTLY_ABANDONED,YES,15,7,261,18,19,1,YES,YES,YES,0,0,NONE,mix64(planSeed^ABANDONED_STATE_SELECTION_SALT)%4,STATIC_MODEL_UPPER_BOUND
RICH,ROCKY,WEATHERED,YES,15,7,261,18,19,1,YES,YES,YES,0,0,NONE,mix64(planSeed^ABANDONED_STATE_SELECTION_SALT)%4,STATIC_MODEL_UPPER_BOUND
RICH,ROCKY,COLLAPSED,YES,15,7,265,18,19,1,YES,YES,YES,0,0,NONE,mix64(planSeed^ABANDONED_STATE_SELECTION_SALT)%4,STATIC_MODEL_UPPER_BOUND
RICH,ROCKY,FAILED_PROSPECTION,NO,15,7,,,,,NOT_APPLICABLE,NOT_APPLICABLE,NOT_APPLICABLE,,,NOT_APPLICABLE,NOT_ELIGIBLE,STATIC_MODEL_UPPER_BOUND
RICH,ROCKY,EVACUATED,YES,15,7,261,18,19,1,YES,YES,YES,0,0,NONE,mix64(planSeed^ABANDONED_STATE_SELECTION_SALT)%4,STATIC_MODEL_UPPER_BOUND
RICH,VOLCANIC,RECENTLY_ABANDONED,YES,15,7,260,18,19,1,YES,YES,YES,0,0,NONE,mix64(planSeed^ABANDONED_STATE_SELECTION_SALT)%4,STATIC_MODEL_UPPER_BOUND
RICH,VOLCANIC,WEATHERED,YES,15,7,260,18,19,1,YES,YES,YES,0,0,NONE,mix64(planSeed^ABANDONED_STATE_SELECTION_SALT)%4,STATIC_MODEL_UPPER_BOUND
RICH,VOLCANIC,COLLAPSED,YES,15,7,264,18,19,1,YES,YES,YES,0,0,NONE,mix64(planSeed^ABANDONED_STATE_SELECTION_SALT)%4,STATIC_MODEL_UPPER_BOUND
RICH,VOLCANIC,FAILED_PROSPECTION,NO,15,7,,,,,NOT_APPLICABLE,NOT_APPLICABLE,NOT_APPLICABLE,,,NOT_APPLICABLE,NOT_ELIGIBLE,STATIC_MODEL_UPPER_BOUND
RICH,VOLCANIC,EVACUATED,YES,15,7,260,18,19,1,YES,YES,YES,0,0,NONE,mix64(planSeed^ABANDONED_STATE_SELECTION_SALT)%4,STATIC_MODEL_UPPER_BOUND
MOTHERLODE,TEMPERATE,RECENTLY_ABANDONED,YES,15,8,359,24,25,1,YES,YES,YES,0,0,NONE,mix64(planSeed^ABANDONED_STATE_SELECTION_SALT)%3,STATIC_MODEL_UPPER_BOUND
MOTHERLODE,TEMPERATE,WEATHERED,NO,15,8,,,,,NOT_APPLICABLE,NOT_APPLICABLE,NOT_APPLICABLE,,,NOT_APPLICABLE,NOT_ELIGIBLE,STATIC_MODEL_UPPER_BOUND
MOTHERLODE,TEMPERATE,COLLAPSED,YES,15,8,363,24,25,1,YES,YES,YES,0,0,NONE,mix64(planSeed^ABANDONED_STATE_SELECTION_SALT)%3,STATIC_MODEL_UPPER_BOUND
MOTHERLODE,TEMPERATE,FAILED_PROSPECTION,NO,15,8,,,,,NOT_APPLICABLE,NOT_APPLICABLE,NOT_APPLICABLE,,,NOT_APPLICABLE,NOT_ELIGIBLE,STATIC_MODEL_UPPER_BOUND
MOTHERLODE,TEMPERATE,EVACUATED,YES,15,8,359,24,25,1,YES,YES,YES,0,0,NONE,mix64(planSeed^ABANDONED_STATE_SELECTION_SALT)%3,STATIC_MODEL_UPPER_BOUND
MOTHERLODE,CONIFER,RECENTLY_ABANDONED,YES,15,8,368,24,25,1,YES,YES,YES,0,0,NONE,mix64(planSeed^ABANDONED_STATE_SELECTION_SALT)%3,STATIC_MODEL_UPPER_BOUND
MOTHERLODE,CONIFER,WEATHERED,NO,15,8,,,,,NOT_APPLICABLE,NOT_APPLICABLE,NOT_APPLICABLE,,,NOT_APPLICABLE,NOT_ELIGIBLE,STATIC_MODEL_UPPER_BOUND
MOTHERLODE,CONIFER,COLLAPSED,YES,15,8,372,24,25,1,YES,YES,YES,0,0,NONE,mix64(planSeed^ABANDONED_STATE_SELECTION_SALT)%3,STATIC_MODEL_UPPER_BOUND
MOTHERLODE,CONIFER,FAILED_PROSPECTION,NO,15,8,,,,,NOT_APPLICABLE,NOT_APPLICABLE,NOT_APPLICABLE,,,NOT_APPLICABLE,NOT_ELIGIBLE,STATIC_MODEL_UPPER_BOUND
MOTHERLODE,CONIFER,EVACUATED,YES,15,8,368,24,25,1,YES,YES,YES,0,0,NONE,mix64(planSeed^ABANDONED_STATE_SELECTION_SALT)%3,STATIC_MODEL_UPPER_BOUND
MOTHERLODE,SNOWY,RECENTLY_ABANDONED,YES,15,8,365,24,25,1,YES,YES,YES,0,0,NONE,mix64(planSeed^ABANDONED_STATE_SELECTION_SALT)%3,STATIC_MODEL_UPPER_BOUND
MOTHERLODE,SNOWY,WEATHERED,NO,15,8,,,,,NOT_APPLICABLE,NOT_APPLICABLE,NOT_APPLICABLE,,,NOT_APPLICABLE,NOT_ELIGIBLE,STATIC_MODEL_UPPER_BOUND
MOTHERLODE,SNOWY,COLLAPSED,YES,15,8,369,24,25,1,YES,YES,YES,0,0,NONE,mix64(planSeed^ABANDONED_STATE_SELECTION_SALT)%3,STATIC_MODEL_UPPER_BOUND
MOTHERLODE,SNOWY,FAILED_PROSPECTION,NO,15,8,,,,,NOT_APPLICABLE,NOT_APPLICABLE,NOT_APPLICABLE,,,NOT_APPLICABLE,NOT_ELIGIBLE,STATIC_MODEL_UPPER_BOUND
MOTHERLODE,SNOWY,EVACUATED,YES,15,8,365,24,25,1,YES,YES,YES,0,0,NONE,mix64(planSeed^ABANDONED_STATE_SELECTION_SALT)%3,STATIC_MODEL_UPPER_BOUND
MOTHERLODE,WETLAND,RECENTLY_ABANDONED,YES,15,8,390,24,25,1,YES,YES,YES,0,0,NONE,mix64(planSeed^ABANDONED_STATE_SELECTION_SALT)%3,STATIC_MODEL_UPPER_BOUND
MOTHERLODE,WETLAND,WEATHERED,NO,15,8,,,,,NOT_APPLICABLE,NOT_APPLICABLE,NOT_APPLICABLE,,,NOT_APPLICABLE,NOT_ELIGIBLE,STATIC_MODEL_UPPER_BOUND
MOTHERLODE,WETLAND,COLLAPSED,YES,15,8,394,24,25,1,YES,YES,YES,0,0,NONE,mix64(planSeed^ABANDONED_STATE_SELECTION_SALT)%3,STATIC_MODEL_UPPER_BOUND
MOTHERLODE,WETLAND,FAILED_PROSPECTION,NO,15,8,,,,,NOT_APPLICABLE,NOT_APPLICABLE,NOT_APPLICABLE,,,NOT_APPLICABLE,NOT_ELIGIBLE,STATIC_MODEL_UPPER_BOUND
MOTHERLODE,WETLAND,EVACUATED,YES,15,8,390,24,25,1,YES,YES,YES,0,0,NONE,mix64(planSeed^ABANDONED_STATE_SELECTION_SALT)%3,STATIC_MODEL_UPPER_BOUND
MOTHERLODE,TROPICAL,RECENTLY_ABANDONED,YES,15,8,395,24,25,1,YES,YES,YES,0,0,NONE,mix64(planSeed^ABANDONED_STATE_SELECTION_SALT)%3,STATIC_MODEL_UPPER_BOUND
MOTHERLODE,TROPICAL,WEATHERED,NO,15,8,,,,,NOT_APPLICABLE,NOT_APPLICABLE,NOT_APPLICABLE,,,NOT_APPLICABLE,NOT_ELIGIBLE,STATIC_MODEL_UPPER_BOUND
MOTHERLODE,TROPICAL,COLLAPSED,YES,15,8,399,24,25,1,YES,YES,YES,0,0,NONE,mix64(planSeed^ABANDONED_STATE_SELECTION_SALT)%3,STATIC_MODEL_UPPER_BOUND
MOTHERLODE,TROPICAL,FAILED_PROSPECTION,NO,15,8,,,,,NOT_APPLICABLE,NOT_APPLICABLE,NOT_APPLICABLE,,,NOT_APPLICABLE,NOT_ELIGIBLE,STATIC_MODEL_UPPER_BOUND
MOTHERLODE,TROPICAL,EVACUATED,YES,15,8,395,24,25,1,YES,YES,YES,0,0,NONE,mix64(planSeed^ABANDONED_STATE_SELECTION_SALT)%3,STATIC_MODEL_UPPER_BOUND
MOTHERLODE,ARID,RECENTLY_ABANDONED,YES,15,8,362,24,25,1,YES,YES,YES,0,0,NONE,mix64(planSeed^ABANDONED_STATE_SELECTION_SALT)%3,STATIC_MODEL_UPPER_BOUND
MOTHERLODE,ARID,WEATHERED,NO,15,8,,,,,NOT_APPLICABLE,NOT_APPLICABLE,NOT_APPLICABLE,,,NOT_APPLICABLE,NOT_ELIGIBLE,STATIC_MODEL_UPPER_BOUND
MOTHERLODE,ARID,COLLAPSED,YES,15,8,366,24,25,1,YES,YES,YES,0,0,NONE,mix64(planSeed^ABANDONED_STATE_SELECTION_SALT)%3,STATIC_MODEL_UPPER_BOUND
MOTHERLODE,ARID,FAILED_PROSPECTION,NO,15,8,,,,,NOT_APPLICABLE,NOT_APPLICABLE,NOT_APPLICABLE,,,NOT_APPLICABLE,NOT_ELIGIBLE,STATIC_MODEL_UPPER_BOUND
MOTHERLODE,ARID,EVACUATED,YES,15,8,362,24,25,1,YES,YES,YES,0,0,NONE,mix64(planSeed^ABANDONED_STATE_SELECTION_SALT)%3,STATIC_MODEL_UPPER_BOUND
MOTHERLODE,ROCKY,RECENTLY_ABANDONED,YES,15,8,361,24,25,1,YES,YES,YES,0,0,NONE,mix64(planSeed^ABANDONED_STATE_SELECTION_SALT)%3,STATIC_MODEL_UPPER_BOUND
MOTHERLODE,ROCKY,WEATHERED,NO,15,8,,,,,NOT_APPLICABLE,NOT_APPLICABLE,NOT_APPLICABLE,,,NOT_APPLICABLE,NOT_ELIGIBLE,STATIC_MODEL_UPPER_BOUND
MOTHERLODE,ROCKY,COLLAPSED,YES,15,8,365,24,25,1,YES,YES,YES,0,0,NONE,mix64(planSeed^ABANDONED_STATE_SELECTION_SALT)%3,STATIC_MODEL_UPPER_BOUND
MOTHERLODE,ROCKY,FAILED_PROSPECTION,NO,15,8,,,,,NOT_APPLICABLE,NOT_APPLICABLE,NOT_APPLICABLE,,,NOT_APPLICABLE,NOT_ELIGIBLE,STATIC_MODEL_UPPER_BOUND
MOTHERLODE,ROCKY,EVACUATED,YES,15,8,361,24,25,1,YES,YES,YES,0,0,NONE,mix64(planSeed^ABANDONED_STATE_SELECTION_SALT)%3,STATIC_MODEL_UPPER_BOUND
MOTHERLODE,VOLCANIC,RECENTLY_ABANDONED,YES,15,8,361,24,25,1,YES,YES,YES,0,0,NONE,mix64(planSeed^ABANDONED_STATE_SELECTION_SALT)%3,STATIC_MODEL_UPPER_BOUND
MOTHERLODE,VOLCANIC,WEATHERED,NO,15,8,,,,,NOT_APPLICABLE,NOT_APPLICABLE,NOT_APPLICABLE,,,NOT_APPLICABLE,NOT_ELIGIBLE,STATIC_MODEL_UPPER_BOUND
MOTHERLODE,VOLCANIC,COLLAPSED,YES,15,8,365,24,25,1,YES,YES,YES,0,0,NONE,mix64(planSeed^ABANDONED_STATE_SELECTION_SALT)%3,STATIC_MODEL_UPPER_BOUND
MOTHERLODE,VOLCANIC,FAILED_PROSPECTION,NO,15,8,,,,,NOT_APPLICABLE,NOT_APPLICABLE,NOT_APPLICABLE,,,NOT_APPLICABLE,NOT_ELIGIBLE,STATIC_MODEL_UPPER_BOUND
MOTHERLODE,VOLCANIC,EVACUATED,YES,15,8,361,24,25,1,YES,YES,YES,0,0,NONE,mix64(planSeed^ABANDONED_STATE_SELECTION_SALT)%3,STATIC_MODEL_UPPER_BOUND
