quality,visual_family,abandoned_state,rotation,width,depth,height_span,planned_writes,non_air_blocks,air_reservations,vanilla_block_entities,domum_block_entities,cross_chunk_writes,access_violations,hatch_collisions,measurement_status
DRY,TEMPERATE,WEATHERED,NONE,9,9,4,120,90,28,0,0,0,0,0,STATIC_MODEL_UPPER_BOUND
DRY,TEMPERATE,WEATHERED,CLOCKWISE_90,9,9,4,120,90,28,0,0,0,0,0,STATIC_MODEL_UPPER_BOUND
DRY,TEMPERATE,WEATHERED,CLOCKWISE_180,9,9,4,120,90,28,0,0,0,0,0,STATIC_MODEL_UPPER_BOUND
DRY,TEMPERATE,WEATHERED,COUNTERCLOCKWISE_90,9,9,4,120,90,28,0,0,0,0,0,STATIC_MODEL_UPPER_BOUND
DRY,TEMPERATE,COLLAPSED,NONE,9,9,4,129,94,32,0,0,0,0,0,STATIC_MODEL_UPPER_BOUND
DRY,TEMPERATE,COLLAPSED,CLOCKWISE_90,9,9,4,129,94,32,0,0,0,0,0,STATIC_MODEL_UPPER_BOUND
DRY,TEMPERATE,COLLAPSED,CLOCKWISE_180,9,9,4,129,94,32,0,0,0,0,0,STATIC_MODEL_UPPER_BOUND
DRY,TEMPERATE,COLLAPSED,COUNTERCLOCKWISE_90,9,9,4,129,94,32,0,0,0,0,0,STATIC_MODEL_UPPER_BOUND
DRY,TEMPERATE,FAILED_PROSPECTION,NONE,9,9,4,120,90,28,0,0,0,0,0,STATIC_MODEL_UPPER_BOUND
DRY,TEMPERATE,FAILED_PROSPECTION,CLOCKWISE_90,9,9,4,120,90,28,0,0,0,0,0,STATIC_MODEL_UPPER_BOUND
DRY,TEMPERATE,FAILED_PROSPECTION,CLOCKWISE_180,9,9,4,120,90,28,0,0,0,0,0,STATIC_MODEL_UPPER_BOUND
DRY,TEMPERATE,FAILED_PROSPECTION,COUNTERCLOCKWISE_90,9,9,4,120,90,28,0,0,0,0,0,STATIC_MODEL_UPPER_BOUND
DRY,CONIFER,WEATHERED,NONE,9,9,4,120,92,28,0,0,0,0,0,STATIC_MODEL_UPPER_BOUND
DRY,CONIFER,WEATHERED,CLOCKWISE_90,9,9,4,120,92,28,0,0,0,0,0,STATIC_MODEL_UPPER_BOUND
DRY,CONIFER,WEATHERED,CLOCKWISE_180,9,9,4,120,92,28,0,0,0,0,0,STATIC_MODEL_UPPER_BOUND
DRY,CONIFER,WEATHERED,COUNTERCLOCKWISE_90,9,9,4,120,92,28,0,0,0,0,0,STATIC_MODEL_UPPER_BOUND
DRY,CONIFER,COLLAPSED,NONE,9,9,4,129,96,32,0,0,0,0,0,STATIC_MODEL_UPPER_BOUND
DRY,CONIFER,COLLAPSED,CLOCKWISE_90,9,9,4,129,96,32,0,0,0,0,0,STATIC_MODEL_UPPER_BOUND
DRY,CONIFER,COLLAPSED,CLOCKWISE_180,9,9,4,129,96,32,0,0,0,0,0,STATIC_MODEL_UPPER_BOUND
DRY,CONIFER,COLLAPSED,COUNTERCLOCKWISE_90,9,9,4,129,96,32,0,0,0,0,0,STATIC_MODEL_UPPER_BOUND
DRY,CONIFER,FAILED_PROSPECTION,NONE,9,9,4,120,92,28,0,0,0,0,0,STATIC_MODEL_UPPER_BOUND
DRY,CONIFER,FAILED_PROSPECTION,CLOCKWISE_90,9,9,4,120,92,28,0,0,0,0,0,STATIC_MODEL_UPPER_BOUND
DRY,CONIFER,FAILED_PROSPECTION,CLOCKWISE_180,9,9,4,120,92,28,0,0,0,0,0,STATIC_MODEL_UPPER_BOUND
DRY,CONIFER,FAILED_PROSPECTION,COUNTERCLOCKWISE_90,9,9,4,120,92,28,0,0,0,0,0,STATIC_MODEL_UPPER_BOUND
DRY,SNOWY,WEATHERED,NONE,9,9,4,120,92,28,0,0,0,0,0,STATIC_MODEL_UPPER_BOUND
DRY,SNOWY,WEATHERED,CLOCKWISE_90,9,9,4,120,92,28,0,0,0,0,0,STATIC_MODEL_UPPER_BOUND
DRY,SNOWY,WEATHERED,CLOCKWISE_180,9,9,4,120,92,28,0,0,0,0,0,STATIC_MODEL_UPPER_BOUND
DRY,SNOWY,WEATHERED,COUNTERCLOCKWISE_90,9,9,4,120,92,28,0,0,0,0,0,STATIC_MODEL_UPPER_BOUND
DRY,SNOWY,COLLAPSED,NONE,9,9,4,129,96,32,0,0,0,0,0,STATIC_MODEL_UPPER_BOUND
DRY,SNOWY,COLLAPSED,CLOCKWISE_90,9,9,4,129,96,32,0,0,0,0,0,STATIC_MODEL_UPPER_BOUND
DRY,SNOWY,COLLAPSED,CLOCKWISE_180,9,9,4,129,96,32,0,0,0,0,0,STATIC_MODEL_UPPER_BOUND
DRY,SNOWY,COLLAPSED,COUNTERCLOCKWISE_90,9,9,4,129,96,32,0,0,0,0,0,STATIC_MODEL_UPPER_BOUND
DRY,SNOWY,FAILED_PROSPECTION,NONE,9,9,4,120,92,28,0,0,0,0,0,STATIC_MODEL_UPPER_BOUND
DRY,SNOWY,FAILED_PROSPECTION,CLOCKWISE_90,9,9,4,120,92,28,0,0,0,0,0,STATIC_MODEL_UPPER_BOUND
DRY,SNOWY,FAILED_PROSPECTION,CLOCKWISE_180,9,9,4,120,92,28,0,0,0,0,0,STATIC_MODEL_UPPER_BOUND
DRY,SNOWY,FAILED_PROSPECTION,COUNTERCLOCKWISE_90,9,9,4,120,92,28,0,0,0,0,0,STATIC_MODEL_UPPER_BOUND
DRY,WETLAND,WEATHERED,NONE,9,9,4,122,90,28,0,0,0,0,0,STATIC_MODEL_UPPER_BOUND
DRY,WETLAND,WEATHERED,CLOCKWISE_90,9,9,4,122,90,28,0,0,0,0,0,STATIC_MODEL_UPPER_BOUND
DRY,WETLAND,WEATHERED,CLOCKWISE_180,9,9,4,122,90,28,0,0,0,0,0,STATIC_MODEL_UPPER_BOUND
DRY,WETLAND,WEATHERED,COUNTERCLOCKWISE_90,9,9,4,122,90,28,0,0,0,0,0,STATIC_MODEL_UPPER_BOUND
DRY,WETLAND,COLLAPSED,NONE,9,9,4,131,94,32,0,0,0,0,0,STATIC_MODEL_UPPER_BOUND
DRY,WETLAND,COLLAPSED,CLOCKWISE_90,9,9,4,131,94,32,0,0,0,0,0,STATIC_MODEL_UPPER_BOUND
DRY,WETLAND,COLLAPSED,CLOCKWISE_180,9,9,4,131,94,32,0,0,0,0,0,STATIC_MODEL_UPPER_BOUND
DRY,WETLAND,COLLAPSED,COUNTERCLOCKWISE_90,9,9,4,131,94,32,0,0,0,0,0,STATIC_MODEL_UPPER_BOUND
DRY,WETLAND,FAILED_PROSPECTION,NONE,9,9,4,122,90,28,0,0,0,0,0,STATIC_MODEL_UPPER_BOUND
DRY,WETLAND,FAILED_PROSPECTION,CLOCKWISE_90,9,9,4,122,90,28,0,0,0,0,0,STATIC_MODEL_UPPER_BOUND
DRY,WETLAND,FAILED_PROSPECTION,CLOCKWISE_180,9,9,4,122,90,28,0,0,0,0,0,STATIC_MODEL_UPPER_BOUND
DRY,WETLAND,FAILED_PROSPECTION,COUNTERCLOCKWISE_90,9,9,4,122,90,28,0,0,0,0,0,STATIC_MODEL_UPPER_BOUND
DRY,TROPICAL,WEATHERED,NONE,9,9,4,124,93,28,0,0,0,0,0,STATIC_MODEL_UPPER_BOUND
DRY,TROPICAL,WEATHERED,CLOCKWISE_90,9,9,4,124,93,28,0,0,0,0,0,STATIC_MODEL_UPPER_BOUND
DRY,TROPICAL,WEATHERED,CLOCKWISE_180,9,9,4,124,93,28,0,0,0,0,0,STATIC_MODEL_UPPER_BOUND
DRY,TROPICAL,WEATHERED,COUNTERCLOCKWISE_90,9,9,4,124,93,28,0,0,0,0,0,STATIC_MODEL_UPPER_BOUND
DRY,TROPICAL,COLLAPSED,NONE,9,9,4,133,97,32,0,0,0,0,0,STATIC_MODEL_UPPER_BOUND
DRY,TROPICAL,COLLAPSED,CLOCKWISE_90,9,9,4,133,97,32,0,0,0,0,0,STATIC_MODEL_UPPER_BOUND
DRY,TROPICAL,COLLAPSED,CLOCKWISE_180,9,9,4,133,97,32,0,0,0,0,0,STATIC_MODEL_UPPER_BOUND
DRY,TROPICAL,COLLAPSED,COUNTERCLOCKWISE_90,9,9,4,133,97,32,0,0,0,0,0,STATIC_MODEL_UPPER_BOUND
DRY,TROPICAL,FAILED_PROSPECTION,NONE,9,9,4,124,93,28,0,0,0,0,0,STATIC_MODEL_UPPER_BOUND
DRY,TROPICAL,FAILED_PROSPECTION,CLOCKWISE_90,9,9,4,124,93,28,0,0,0,0,0,STATIC_MODEL_UPPER_BOUND
DRY,TROPICAL,FAILED_PROSPECTION,CLOCKWISE_180,9,9,4,124,93,28,0,0,0,0,0,STATIC_MODEL_UPPER_BOUND
DRY,TROPICAL,FAILED_PROSPECTION,COUNTERCLOCKWISE_90,9,9,4,124,93,28,0,0,0,0,0,STATIC_MODEL_UPPER_BOUND
DRY,ARID,WEATHERED,NONE,9,9,4,120,91,28,0,0,0,0,0,STATIC_MODEL_UPPER_BOUND
DRY,ARID,WEATHERED,CLOCKWISE_90,9,9,4,120,91,28,0,0,0,0,0,STATIC_MODEL_UPPER_BOUND
DRY,ARID,WEATHERED,CLOCKWISE_180,9,9,4,120,91,28,0,0,0,0,0,STATIC_MODEL_UPPER_BOUND
DRY,ARID,WEATHERED,COUNTERCLOCKWISE_90,9,9,4,120,91,28,0,0,0,0,0,STATIC_MODEL_UPPER_BOUND
DRY,ARID,COLLAPSED,NONE,9,9,4,129,95,32,0,0,0,0,0,STATIC_MODEL_UPPER_BOUND
DRY,ARID,COLLAPSED,CLOCKWISE_90,9,9,4,129,95,32,0,0,0,0,0,STATIC_MODEL_UPPER_BOUND
DRY,ARID,COLLAPSED,CLOCKWISE_180,9,9,4,129,95,32,0,0,0,0,0,STATIC_MODEL_UPPER_BOUND
DRY,ARID,COLLAPSED,COUNTERCLOCKWISE_90,9,9,4,129,95,32,0,0,0,0,0,STATIC_MODEL_UPPER_BOUND
DRY,ARID,FAILED_PROSPECTION,NONE,9,9,4,120,91,28,0,0,0,0,0,STATIC_MODEL_UPPER_BOUND
DRY,ARID,FAILED_PROSPECTION,CLOCKWISE_90,9,9,4,120,91,28,0,0,0,0,0,STATIC_MODEL_UPPER_BOUND
DRY,ARID,FAILED_PROSPECTION,CLOCKWISE_180,9,9,4,120,91,28,0,0,0,0,0,STATIC_MODEL_UPPER_BOUND
DRY,ARID,FAILED_PROSPECTION,COUNTERCLOCKWISE_90,9,9,4,120,91,28,0,0,0,0,0,STATIC_MODEL_UPPER_BOUND
DRY,ROCKY,WEATHERED,NONE,9,9,4,118,90,28,0,0,0,0,0,STATIC_MODEL_UPPER_BOUND
DRY,ROCKY,WEATHERED,CLOCKWISE_90,9,9,4,118,90,28,0,0,0,0,0,STATIC_MODEL_UPPER_BOUND
DRY,ROCKY,WEATHERED,CLOCKWISE_180,9,9,4,118,90,28,0,0,0,0,0,STATIC_MODEL_UPPER_BOUND
DRY,ROCKY,WEATHERED,COUNTERCLOCKWISE_90,9,9,4,118,90,28,0,0,0,0,0,STATIC_MODEL_UPPER_BOUND
DRY,ROCKY,COLLAPSED,NONE,9,9,4,127,94,32,0,0,0,0,0,STATIC_MODEL_UPPER_BOUND
DRY,ROCKY,COLLAPSED,CLOCKWISE_90,9,9,4,127,94,32,0,0,0,0,0,STATIC_MODEL_UPPER_BOUND
DRY,ROCKY,COLLAPSED,CLOCKWISE_180,9,9,4,127,94,32,0,0,0,0,0,STATIC_MODEL_UPPER_BOUND
DRY,ROCKY,COLLAPSED,COUNTERCLOCKWISE_90,9,9,4,127,94,32,0,0,0,0,0,STATIC_MODEL_UPPER_BOUND
DRY,ROCKY,FAILED_PROSPECTION,NONE,9,9,4,118,90,28,0,0,0,0,0,STATIC_MODEL_UPPER_BOUND
DRY,ROCKY,FAILED_PROSPECTION,CLOCKWISE_90,9,9,4,118,90,28,0,0,0,0,0,STATIC_MODEL_UPPER_BOUND
DRY,ROCKY,FAILED_PROSPECTION,CLOCKWISE_180,9,9,4,118,90,28,0,0,0,0,0,STATIC_MODEL_UPPER_BOUND
DRY,ROCKY,FAILED_PROSPECTION,COUNTERCLOCKWISE_90,9,9,4,118,90,28,0,0,0,0,0,STATIC_MODEL_UPPER_BOUND
DRY,VOLCANIC,WEATHERED,NONE,9,9,4,118,90,28,0,0,0,0,0,STATIC_MODEL_UPPER_BOUND
DRY,VOLCANIC,WEATHERED,CLOCKWISE_90,9,9,4,118,90,28,0,0,0,0,0,STATIC_MODEL_UPPER_BOUND
DRY,VOLCANIC,WEATHERED,CLOCKWISE_180,9,9,4,118,90,28,0,0,0,0,0,STATIC_MODEL_UPPER_BOUND
DRY,VOLCANIC,WEATHERED,COUNTERCLOCKWISE_90,9,9,4,118,90,28,0,0,0,0,0,STATIC_MODEL_UPPER_BOUND
DRY,VOLCANIC,COLLAPSED,NONE,9,9,4,127,94,32,0,0,0,0,0,STATIC_MODEL_UPPER_BOUND
DRY,VOLCANIC,COLLAPSED,CLOCKWISE_90,9,9,4,127,94,32,0,0,0,0,0,STATIC_MODEL_UPPER_BOUND
DRY,VOLCANIC,COLLAPSED,CLOCKWISE_180,9,9,4,127,94,32,0,0,0,0,0,STATIC_MODEL_UPPER_BOUND
DRY,VOLCANIC,COLLAPSED,COUNTERCLOCKWISE_90,9,9,4,127,94,32,0,0,0,0,0,STATIC_MODEL_UPPER_BOUND
DRY,VOLCANIC,FAILED_PROSPECTION,NONE,9,9,4,118,90,28,0,0,0,0,0,STATIC_MODEL_UPPER_BOUND
DRY,VOLCANIC,FAILED_PROSPECTION,CLOCKWISE_90,9,9,4,118,90,28,0,0,0,0,0,STATIC_MODEL_UPPER_BOUND
DRY,VOLCANIC,FAILED_PROSPECTION,CLOCKWISE_180,9,9,4,118,90,28,0,0,0,0,0,STATIC_MODEL_UPPER_BOUND
DRY,VOLCANIC,FAILED_PROSPECTION,COUNTERCLOCKWISE_90,9,9,4,118,90,28,0,0,0,0,0,STATIC_MODEL_UPPER_BOUND
POOR,TEMPERATE,RECENTLY_ABANDONED,NONE,11,11,5,154,116,30,1,7,0,0,0,STATIC_MODEL_UPPER_BOUND
POOR,TEMPERATE,RECENTLY_ABANDONED,CLOCKWISE_90,11,11,5,154,116,32,1,7,0,0,0,STATIC_MODEL_UPPER_BOUND
POOR,TEMPERATE,RECENTLY_ABANDONED,CLOCKWISE_180,11,11,5,154,116,32,1,7,0,0,0,STATIC_MODEL_UPPER_BOUND
POOR,TEMPERATE,RECENTLY_ABANDONED,COUNTERCLOCKWISE_90,11,11,5,154,116,32,1,7,0,0,0,STATIC_MODEL_UPPER_BOUND
POOR,TEMPERATE,WEATHERED,NONE,11,11,5,154,116,30,1,7,0,0,0,STATIC_MODEL_UPPER_BOUND
POOR,TEMPERATE,WEATHERED,CLOCKWISE_90,11,11,5,154,116,32,1,7,0,0,0,STATIC_MODEL_UPPER_BOUND
POOR,TEMPERATE,WEATHERED,CLOCKWISE_180,11,11,5,154,116,32,1,7,0,0,0,STATIC_MODEL_UPPER_BOUND
POOR,TEMPERATE,WEATHERED,COUNTERCLOCKWISE_90,11,11,5,154,116,32,1,7,0,0,0,STATIC_MODEL_UPPER_BOUND
POOR,TEMPERATE,COLLAPSED,NONE,11,11,5,163,120,34,0,7,0,0,0,STATIC_MODEL_UPPER_BOUND
POOR,TEMPERATE,COLLAPSED,CLOCKWISE_90,11,11,5,163,120,34,0,7,0,0,0,STATIC_MODEL_UPPER_BOUND
POOR,TEMPERATE,COLLAPSED,CLOCKWISE_180,11,11,5,163,120,36,0,7,0,0,0,STATIC_MODEL_UPPER_BOUND
POOR,TEMPERATE,COLLAPSED,COUNTERCLOCKWISE_90,11,11,5,163,120,36,0,7,0,0,0,STATIC_MODEL_UPPER_BOUND
POOR,TEMPERATE,FAILED_PROSPECTION,NONE,11,11,5,154,116,30,0,7,0,0,0,STATIC_MODEL_UPPER_BOUND
POOR,TEMPERATE,FAILED_PROSPECTION,CLOCKWISE_90,11,11,5,154,116,32,0,7,0,0,0,STATIC_MODEL_UPPER_BOUND
POOR,TEMPERATE,FAILED_PROSPECTION,CLOCKWISE_180,11,11,5,154,116,32,0,7,0,0,0,STATIC_MODEL_UPPER_BOUND
POOR,TEMPERATE,FAILED_PROSPECTION,COUNTERCLOCKWISE_90,11,11,5,154,116,32,0,7,0,0,0,STATIC_MODEL_UPPER_BOUND
POOR,CONIFER,RECENTLY_ABANDONED,NONE,11,11,5,154,119,30,1,7,0,0,0,STATIC_MODEL_UPPER_BOUND
POOR,CONIFER,RECENTLY_ABANDONED,CLOCKWISE_90,11,11,5,154,119,32,1,7,0,0,0,STATIC_MODEL_UPPER_BOUND
POOR,CONIFER,RECENTLY_ABANDONED,CLOCKWISE_180,11,11,5,154,119,32,1,7,0,0,0,STATIC_MODEL_UPPER_BOUND
POOR,CONIFER,RECENTLY_ABANDONED,COUNTERCLOCKWISE_90,11,11,5,154,119,32,1,7,0,0,0,STATIC_MODEL_UPPER_BOUND
POOR,CONIFER,WEATHERED,NONE,11,11,5,154,119,30,1,7,0,0,0,STATIC_MODEL_UPPER_BOUND
POOR,CONIFER,WEATHERED,CLOCKWISE_90,11,11,5,154,119,32,1,7,0,0,0,STATIC_MODEL_UPPER_BOUND
POOR,CONIFER,WEATHERED,CLOCKWISE_180,11,11,5,154,119,32,1,7,0,0,0,STATIC_MODEL_UPPER_BOUND
POOR,CONIFER,WEATHERED,COUNTERCLOCKWISE_90,11,11,5,154,119,32,1,7,0,0,0,STATIC_MODEL_UPPER_BOUND
POOR,CONIFER,COLLAPSED,NONE,11,11,5,163,123,34,0,7,0,0,0,STATIC_MODEL_UPPER_BOUND
POOR,CONIFER,COLLAPSED,CLOCKWISE_90,11,11,5,163,123,34,0,7,0,0,0,STATIC_MODEL_UPPER_BOUND
POOR,CONIFER,COLLAPSED,CLOCKWISE_180,11,11,5,163,123,36,0,7,0,0,0,STATIC_MODEL_UPPER_BOUND
POOR,CONIFER,COLLAPSED,COUNTERCLOCKWISE_90,11,11,5,163,123,36,0,7,0,0,0,STATIC_MODEL_UPPER_BOUND
POOR,CONIFER,FAILED_PROSPECTION,NONE,11,11,5,154,119,30,0,7,0,0,0,STATIC_MODEL_UPPER_BOUND
POOR,CONIFER,FAILED_PROSPECTION,CLOCKWISE_90,11,11,5,154,119,32,0,7,0,0,0,STATIC_MODEL_UPPER_BOUND
POOR,CONIFER,FAILED_PROSPECTION,CLOCKWISE_180,11,11,5,154,119,32,0,7,0,0,0,STATIC_MODEL_UPPER_BOUND
POOR,CONIFER,FAILED_PROSPECTION,COUNTERCLOCKWISE_90,11,11,5,154,119,32,0,7,0,0,0,STATIC_MODEL_UPPER_BOUND
POOR,SNOWY,RECENTLY_ABANDONED,NONE,11,11,5,154,118,30,1,7,0,0,0,STATIC_MODEL_UPPER_BOUND
POOR,SNOWY,RECENTLY_ABANDONED,CLOCKWISE_90,11,11,5,154,118,32,1,7,0,0,0,STATIC_MODEL_UPPER_BOUND
POOR,SNOWY,RECENTLY_ABANDONED,CLOCKWISE_180,11,11,5,154,118,32,1,7,0,0,0,STATIC_MODEL_UPPER_BOUND
POOR,SNOWY,RECENTLY_ABANDONED,COUNTERCLOCKWISE_90,11,11,5,154,118,32,1,7,0,0,0,STATIC_MODEL_UPPER_BOUND
POOR,SNOWY,WEATHERED,NONE,11,11,5,154,118,30,1,7,0,0,0,STATIC_MODEL_UPPER_BOUND
POOR,SNOWY,WEATHERED,CLOCKWISE_90,11,11,5,154,118,32,1,7,0,0,0,STATIC_MODEL_UPPER_BOUND
POOR,SNOWY,WEATHERED,CLOCKWISE_180,11,11,5,154,118,32,1,7,0,0,0,STATIC_MODEL_UPPER_BOUND
POOR,SNOWY,WEATHERED,COUNTERCLOCKWISE_90,11,11,5,154,118,32,1,7,0,0,0,STATIC_MODEL_UPPER_BOUND
POOR,SNOWY,COLLAPSED,NONE,11,11,5,163,122,34,0,7,0,0,0,STATIC_MODEL_UPPER_BOUND
POOR,SNOWY,COLLAPSED,CLOCKWISE_90,11,11,5,163,122,34,0,7,0,0,0,STATIC_MODEL_UPPER_BOUND
POOR,SNOWY,COLLAPSED,CLOCKWISE_180,11,11,5,163,122,36,0,7,0,0,0,STATIC_MODEL_UPPER_BOUND
POOR,SNOWY,COLLAPSED,COUNTERCLOCKWISE_90,11,11,5,163,122,36,0,7,0,0,0,STATIC_MODEL_UPPER_BOUND
POOR,SNOWY,FAILED_PROSPECTION,NONE,11,11,5,154,118,30,0,7,0,0,0,STATIC_MODEL_UPPER_BOUND
POOR,SNOWY,FAILED_PROSPECTION,CLOCKWISE_90,11,11,5,154,118,32,0,7,0,0,0,STATIC_MODEL_UPPER_BOUND
POOR,SNOWY,FAILED_PROSPECTION,CLOCKWISE_180,11,11,5,154,118,32,0,7,0,0,0,STATIC_MODEL_UPPER_BOUND
POOR,SNOWY,FAILED_PROSPECTION,COUNTERCLOCKWISE_90,11,11,5,154,118,32,0,7,0,0,0,STATIC_MODEL_UPPER_BOUND
POOR,WETLAND,RECENTLY_ABANDONED,NONE,11,11,5,161,124,30,1,7,0,0,0,STATIC_MODEL_UPPER_BOUND
POOR,WETLAND,RECENTLY_ABANDONED,CLOCKWISE_90,11,11,5,161,124,32,1,7,0,0,0,STATIC_MODEL_UPPER_BOUND
POOR,WETLAND,RECENTLY_ABANDONED,CLOCKWISE_180,11,11,5,161,124,32,1,7,0,0,0,STATIC_MODEL_UPPER_BOUND
POOR,WETLAND,RECENTLY_ABANDONED,COUNTERCLOCKWISE_90,11,11,5,161,124,32,1,7,0,0,0,STATIC_MODEL_UPPER_BOUND
POOR,WETLAND,WEATHERED,NONE,11,11,5,161,124,30,1,7,0,0,0,STATIC_MODEL_UPPER_BOUND
POOR,WETLAND,WEATHERED,CLOCKWISE_90,11,11,5,161,124,32,1,7,0,0,0,STATIC_MODEL_UPPER_BOUND
POOR,WETLAND,WEATHERED,CLOCKWISE_180,11,11,5,161,124,32,1,7,0,0,0,STATIC_MODEL_UPPER_BOUND
POOR,WETLAND,WEATHERED,COUNTERCLOCKWISE_90,11,11,5,161,124,32,1,7,0,0,0,STATIC_MODEL_UPPER_BOUND
POOR,WETLAND,COLLAPSED,NONE,11,11,5,170,128,34,0,7,0,0,0,STATIC_MODEL_UPPER_BOUND
POOR,WETLAND,COLLAPSED,CLOCKWISE_90,11,11,5,170,128,34,0,7,0,0,0,STATIC_MODEL_UPPER_BOUND
POOR,WETLAND,COLLAPSED,CLOCKWISE_180,11,11,5,170,128,36,0,7,0,0,0,STATIC_MODEL_UPPER_BOUND
POOR,WETLAND,COLLAPSED,COUNTERCLOCKWISE_90,11,11,5,170,128,36,0,7,0,0,0,STATIC_MODEL_UPPER_BOUND
POOR,WETLAND,FAILED_PROSPECTION,NONE,11,11,5,161,124,30,0,7,0,0,0,STATIC_MODEL_UPPER_BOUND
POOR,WETLAND,FAILED_PROSPECTION,CLOCKWISE_90,11,11,5,161,124,32,0,7,0,0,0,STATIC_MODEL_UPPER_BOUND
POOR,WETLAND,FAILED_PROSPECTION,CLOCKWISE_180,11,11,5,161,124,32,0,7,0,0,0,STATIC_MODEL_UPPER_BOUND
POOR,WETLAND,FAILED_PROSPECTION,COUNTERCLOCKWISE_90,11,11,5,161,124,32,0,7,0,0,0,STATIC_MODEL_UPPER_BOUND
POOR,TROPICAL,RECENTLY_ABANDONED,NONE,11,11,5,160,124,30,1,7,0,0,0,STATIC_MODEL_UPPER_BOUND
POOR,TROPICAL,RECENTLY_ABANDONED,CLOCKWISE_90,11,11,5,160,124,32,1,7,0,0,0,STATIC_MODEL_UPPER_BOUND
POOR,TROPICAL,RECENTLY_ABANDONED,CLOCKWISE_180,11,11,5,160,124,32,1,7,0,0,0,STATIC_MODEL_UPPER_BOUND
POOR,TROPICAL,RECENTLY_ABANDONED,COUNTERCLOCKWISE_90,11,11,5,160,124,32,1,7,0,0,0,STATIC_MODEL_UPPER_BOUND
POOR,TROPICAL,WEATHERED,NONE,11,11,5,160,124,30,1,7,0,0,0,STATIC_MODEL_UPPER_BOUND
POOR,TROPICAL,WEATHERED,CLOCKWISE_90,11,11,5,160,124,32,1,7,0,0,0,STATIC_MODEL_UPPER_BOUND
POOR,TROPICAL,WEATHERED,CLOCKWISE_180,11,11,5,160,124,32,1,7,0,0,0,STATIC_MODEL_UPPER_BOUND
POOR,TROPICAL,WEATHERED,COUNTERCLOCKWISE_90,11,11,5,160,124,32,1,7,0,0,0,STATIC_MODEL_UPPER_BOUND
POOR,TROPICAL,COLLAPSED,NONE,11,11,5,169,128,34,0,7,0,0,0,STATIC_MODEL_UPPER_BOUND
POOR,TROPICAL,COLLAPSED,CLOCKWISE_90,11,11,5,169,128,34,0,7,0,0,0,STATIC_MODEL_UPPER_BOUND
POOR,TROPICAL,COLLAPSED,CLOCKWISE_180,11,11,5,169,128,36,0,7,0,0,0,STATIC_MODEL_UPPER_BOUND
POOR,TROPICAL,COLLAPSED,COUNTERCLOCKWISE_90,11,11,5,169,128,36,0,7,0,0,0,STATIC_MODEL_UPPER_BOUND
POOR,TROPICAL,FAILED_PROSPECTION,NONE,11,11,5,160,124,30,0,7,0,0,0,STATIC_MODEL_UPPER_BOUND
POOR,TROPICAL,FAILED_PROSPECTION,CLOCKWISE_90,11,11,5,160,124,32,0,7,0,0,0,STATIC_MODEL_UPPER_BOUND
POOR,TROPICAL,FAILED_PROSPECTION,CLOCKWISE_180,11,11,5,160,124,32,0,7,0,0,0,STATIC_MODEL_UPPER_BOUND
POOR,TROPICAL,FAILED_PROSPECTION,COUNTERCLOCKWISE_90,11,11,5,160,124,32,0,7,0,0,0,STATIC_MODEL_UPPER_BOUND
POOR,ARID,RECENTLY_ABANDONED,NONE,11,11,5,152,115,30,1,7,0,0,0,STATIC_MODEL_UPPER_BOUND
POOR,ARID,RECENTLY_ABANDONED,CLOCKWISE_90,11,11,5,152,115,32,1,7,0,0,0,STATIC_MODEL_UPPER_BOUND
POOR,ARID,RECENTLY_ABANDONED,CLOCKWISE_180,11,11,5,152,115,32,1,7,0,0,0,STATIC_MODEL_UPPER_BOUND
POOR,ARID,RECENTLY_ABANDONED,COUNTERCLOCKWISE_90,11,11,5,152,115,32,1,7,0,0,0,STATIC_MODEL_UPPER_BOUND
POOR,ARID,WEATHERED,NONE,11,11,5,152,115,30,1,7,0,0,0,STATIC_MODEL_UPPER_BOUND
POOR,ARID,WEATHERED,CLOCKWISE_90,11,11,5,152,115,32,1,7,0,0,0,STATIC_MODEL_UPPER_BOUND
POOR,ARID,WEATHERED,CLOCKWISE_180,11,11,5,152,115,32,1,7,0,0,0,STATIC_MODEL_UPPER_BOUND
POOR,ARID,WEATHERED,COUNTERCLOCKWISE_90,11,11,5,152,115,32,1,7,0,0,0,STATIC_MODEL_UPPER_BOUND
POOR,ARID,COLLAPSED,NONE,11,11,5,161,119,34,0,7,0,0,0,STATIC_MODEL_UPPER_BOUND
POOR,ARID,COLLAPSED,CLOCKWISE_90,11,11,5,161,119,34,0,7,0,0,0,STATIC_MODEL_UPPER_BOUND
POOR,ARID,COLLAPSED,CLOCKWISE_180,11,11,5,161,119,36,0,7,0,0,0,STATIC_MODEL_UPPER_BOUND
POOR,ARID,COLLAPSED,COUNTERCLOCKWISE_90,11,11,5,161,119,36,0,7,0,0,0,STATIC_MODEL_UPPER_BOUND
POOR,ARID,FAILED_PROSPECTION,NONE,11,11,5,152,115,30,0,7,0,0,0,STATIC_MODEL_UPPER_BOUND
POOR,ARID,FAILED_PROSPECTION,CLOCKWISE_90,11,11,5,152,115,32,0,7,0,0,0,STATIC_MODEL_UPPER_BOUND
POOR,ARID,FAILED_PROSPECTION,CLOCKWISE_180,11,11,5,152,115,32,0,7,0,0,0,STATIC_MODEL_UPPER_BOUND
POOR,ARID,FAILED_PROSPECTION,COUNTERCLOCKWISE_90,11,11,5,152,115,32,0,7,0,0,0,STATIC_MODEL_UPPER_BOUND
POOR,ROCKY,RECENTLY_ABANDONED,NONE,11,11,5,152,116,30,1,7,0,0,0,STATIC_MODEL_UPPER_BOUND
POOR,ROCKY,RECENTLY_ABANDONED,CLOCKWISE_90,11,11,5,152,116,32,1,7,0,0,0,STATIC_MODEL_UPPER_BOUND
POOR,ROCKY,RECENTLY_ABANDONED,CLOCKWISE_180,11,11,5,152,116,32,1,7,0,0,0,STATIC_MODEL_UPPER_BOUND
POOR,ROCKY,RECENTLY_ABANDONED,COUNTERCLOCKWISE_90,11,11,5,152,116,32,1,7,0,0,0,STATIC_MODEL_UPPER_BOUND
POOR,ROCKY,WEATHERED,NONE,11,11,5,152,116,30,1,7,0,0,0,STATIC_MODEL_UPPER_BOUND
POOR,ROCKY,WEATHERED,CLOCKWISE_90,11,11,5,152,116,32,1,7,0,0,0,STATIC_MODEL_UPPER_BOUND
POOR,ROCKY,WEATHERED,CLOCKWISE_180,11,11,5,152,116,32,1,7,0,0,0,STATIC_MODEL_UPPER_BOUND
POOR,ROCKY,WEATHERED,COUNTERCLOCKWISE_90,11,11,5,152,116,32,1,7,0,0,0,STATIC_MODEL_UPPER_BOUND
POOR,ROCKY,COLLAPSED,NONE,11,11,5,161,120,34,0,7,0,0,0,STATIC_MODEL_UPPER_BOUND
POOR,ROCKY,COLLAPSED,CLOCKWISE_90,11,11,5,161,120,34,0,7,0,0,0,STATIC_MODEL_UPPER_BOUND
POOR,ROCKY,COLLAPSED,CLOCKWISE_180,11,11,5,161,120,36,0,7,0,0,0,STATIC_MODEL_UPPER_BOUND
POOR,ROCKY,COLLAPSED,COUNTERCLOCKWISE_90,11,11,5,161,120,36,0,7,0,0,0,STATIC_MODEL_UPPER_BOUND
POOR,ROCKY,FAILED_PROSPECTION,NONE,11,11,5,152,116,30,0,7,0,0,0,STATIC_MODEL_UPPER_BOUND
POOR,ROCKY,FAILED_PROSPECTION,CLOCKWISE_90,11,11,5,152,116,32,0,7,0,0,0,STATIC_MODEL_UPPER_BOUND
POOR,ROCKY,FAILED_PROSPECTION,CLOCKWISE_180,11,11,5,152,116,32,0,7,0,0,0,STATIC_MODEL_UPPER_BOUND
POOR,ROCKY,FAILED_PROSPECTION,COUNTERCLOCKWISE_90,11,11,5,152,116,32,0,7,0,0,0,STATIC_MODEL_UPPER_BOUND
POOR,VOLCANIC,RECENTLY_ABANDONED,NONE,11,11,5,153,117,30,1,7,0,0,0,STATIC_MODEL_UPPER_BOUND
POOR,VOLCANIC,RECENTLY_ABANDONED,CLOCKWISE_90,11,11,5,153,117,32,1,7,0,0,0,STATIC_MODEL_UPPER_BOUND
POOR,VOLCANIC,RECENTLY_ABANDONED,CLOCKWISE_180,11,11,5,153,117,32,1,7,0,0,0,STATIC_MODEL_UPPER_BOUND
POOR,VOLCANIC,RECENTLY_ABANDONED,COUNTERCLOCKWISE_90,11,11,5,153,117,32,1,7,0,0,0,STATIC_MODEL_UPPER_BOUND
POOR,VOLCANIC,WEATHERED,NONE,11,11,5,153,117,30,1,7,0,0,0,STATIC_MODEL_UPPER_BOUND
POOR,VOLCANIC,WEATHERED,CLOCKWISE_90,11,11,5,153,117,32,1,7,0,0,0,STATIC_MODEL_UPPER_BOUND
POOR,VOLCANIC,WEATHERED,CLOCKWISE_180,11,11,5,153,117,32,1,7,0,0,0,STATIC_MODEL_UPPER_BOUND
POOR,VOLCANIC,WEATHERED,COUNTERCLOCKWISE_90,11,11,5,153,117,32,1,7,0,0,0,STATIC_MODEL_UPPER_BOUND
POOR,VOLCANIC,COLLAPSED,NONE,11,11,5,162,121,34,0,7,0,0,0,STATIC_MODEL_UPPER_BOUND
POOR,VOLCANIC,COLLAPSED,CLOCKWISE_90,11,11,5,162,121,34,0,7,0,0,0,STATIC_MODEL_UPPER_BOUND
POOR,VOLCANIC,COLLAPSED,CLOCKWISE_180,11,11,5,162,121,36,0,7,0,0,0,STATIC_MODEL_UPPER_BOUND
POOR,VOLCANIC,COLLAPSED,COUNTERCLOCKWISE_90,11,11,5,162,121,36,0,7,0,0,0,STATIC_MODEL_UPPER_BOUND
POOR,VOLCANIC,FAILED_PROSPECTION,NONE,11,11,5,153,117,30,0,7,0,0,0,STATIC_MODEL_UPPER_BOUND
POOR,VOLCANIC,FAILED_PROSPECTION,CLOCKWISE_90,11,11,5,153,117,32,0,7,0,0,0,STATIC_MODEL_UPPER_BOUND
POOR,VOLCANIC,FAILED_PROSPECTION,CLOCKWISE_180,11,11,5,153,117,32,0,7,0,0,0,STATIC_MODEL_UPPER_BOUND
POOR,VOLCANIC,FAILED_PROSPECTION,COUNTERCLOCKWISE_90,11,11,5,153,117,32,0,7,0,0,0,STATIC_MODEL_UPPER_BOUND
NORMAL,TEMPERATE,RECENTLY_ABANDONED,NONE,13,13,6,242,186,34,1,12,0,0,0,STATIC_MODEL_UPPER_BOUND
NORMAL,TEMPERATE,RECENTLY_ABANDONED,CLOCKWISE_90,13,13,6,242,186,32,1,12,0,0,0,STATIC_MODEL_UPPER_BOUND
NORMAL,TEMPERATE,RECENTLY_ABANDONED,CLOCKWISE_180,13,13,6,242,186,34,1,12,0,0,0,STATIC_MODEL_UPPER_BOUND
NORMAL,TEMPERATE,RECENTLY_ABANDONED,COUNTERCLOCKWISE_90,13,13,6,242,186,34,1,12,0,0,0,STATIC_MODEL_UPPER_BOUND
NORMAL,TEMPERATE,WEATHERED,NONE,13,13,6,242,186,34,1,12,0,0,0,STATIC_MODEL_UPPER_BOUND
NORMAL,TEMPERATE,WEATHERED,CLOCKWISE_90,13,13,6,242,186,32,1,12,0,0,0,STATIC_MODEL_UPPER_BOUND
NORMAL,TEMPERATE,WEATHERED,CLOCKWISE_180,13,13,6,242,186,34,1,12,0,0,0,STATIC_MODEL_UPPER_BOUND
NORMAL,TEMPERATE,WEATHERED,COUNTERCLOCKWISE_90,13,13,6,242,186,34,1,12,0,0,0,STATIC_MODEL_UPPER_BOUND
NORMAL,TEMPERATE,COLLAPSED,NONE,13,13,6,251,190,38,0,12,0,0,0,STATIC_MODEL_UPPER_BOUND
NORMAL,TEMPERATE,COLLAPSED,CLOCKWISE_90,13,13,6,251,190,34,0,12,0,0,0,STATIC_MODEL_UPPER_BOUND
NORMAL,TEMPERATE,COLLAPSED,CLOCKWISE_180,13,13,6,251,190,38,0,12,0,0,0,STATIC_MODEL_UPPER_BOUND
NORMAL,TEMPERATE,COLLAPSED,COUNTERCLOCKWISE_90,13,13,6,251,190,38,0,12,0,0,0,STATIC_MODEL_UPPER_BOUND
NORMAL,TEMPERATE,EVACUATED,NONE,13,13,6,242,186,34,0,12,0,0,0,STATIC_MODEL_UPPER_BOUND
NORMAL,TEMPERATE,EVACUATED,CLOCKWISE_90,13,13,6,242,186,32,0,12,0,0,0,STATIC_MODEL_UPPER_BOUND
NORMAL,TEMPERATE,EVACUATED,CLOCKWISE_180,13,13,6,242,186,34,0,12,0,0,0,STATIC_MODEL_UPPER_BOUND
NORMAL,TEMPERATE,EVACUATED,COUNTERCLOCKWISE_90,13,13,6,242,186,34,0,12,0,0,0,STATIC_MODEL_UPPER_BOUND
NORMAL,CONIFER,RECENTLY_ABANDONED,NONE,13,13,6,242,191,34,1,12,0,0,0,STATIC_MODEL_UPPER_BOUND
NORMAL,CONIFER,RECENTLY_ABANDONED,CLOCKWISE_90,13,13,6,242,191,32,1,12,0,0,0,STATIC_MODEL_UPPER_BOUND
NORMAL,CONIFER,RECENTLY_ABANDONED,CLOCKWISE_180,13,13,6,242,191,34,1,12,0,0,0,STATIC_MODEL_UPPER_BOUND
NORMAL,CONIFER,RECENTLY_ABANDONED,COUNTERCLOCKWISE_90,13,13,6,242,191,34,1,12,0,0,0,STATIC_MODEL_UPPER_BOUND
NORMAL,CONIFER,WEATHERED,NONE,13,13,6,242,191,34,1,12,0,0,0,STATIC_MODEL_UPPER_BOUND
NORMAL,CONIFER,WEATHERED,CLOCKWISE_90,13,13,6,242,191,32,1,12,0,0,0,STATIC_MODEL_UPPER_BOUND
NORMAL,CONIFER,WEATHERED,CLOCKWISE_180,13,13,6,242,191,34,1,12,0,0,0,STATIC_MODEL_UPPER_BOUND
NORMAL,CONIFER,WEATHERED,COUNTERCLOCKWISE_90,13,13,6,242,191,34,1,12,0,0,0,STATIC_MODEL_UPPER_BOUND
NORMAL,CONIFER,COLLAPSED,NONE,13,13,6,251,195,38,0,12,0,0,0,STATIC_MODEL_UPPER_BOUND
NORMAL,CONIFER,COLLAPSED,CLOCKWISE_90,13,13,6,251,195,34,0,12,0,0,0,STATIC_MODEL_UPPER_BOUND
NORMAL,CONIFER,COLLAPSED,CLOCKWISE_180,13,13,6,251,195,38,0,12,0,0,0,STATIC_MODEL_UPPER_BOUND
NORMAL,CONIFER,COLLAPSED,COUNTERCLOCKWISE_90,13,13,6,251,195,38,0,12,0,0,0,STATIC_MODEL_UPPER_BOUND
NORMAL,CONIFER,EVACUATED,NONE,13,13,6,242,191,34,0,12,0,0,0,STATIC_MODEL_UPPER_BOUND
NORMAL,CONIFER,EVACUATED,CLOCKWISE_90,13,13,6,242,191,32,0,12,0,0,0,STATIC_MODEL_UPPER_BOUND
NORMAL,CONIFER,EVACUATED,CLOCKWISE_180,13,13,6,242,191,34,0,12,0,0,0,STATIC_MODEL_UPPER_BOUND
NORMAL,CONIFER,EVACUATED,COUNTERCLOCKWISE_90,13,13,6,242,191,34,0,12,0,0,0,STATIC_MODEL_UPPER_BOUND
NORMAL,SNOWY,RECENTLY_ABANDONED,NONE,13,13,6,242,190,34,1,12,0,0,0,STATIC_MODEL_UPPER_BOUND
NORMAL,SNOWY,RECENTLY_ABANDONED,CLOCKWISE_90,13,13,6,242,190,32,1,12,0,0,0,STATIC_MODEL_UPPER_BOUND
NORMAL,SNOWY,RECENTLY_ABANDONED,CLOCKWISE_180,13,13,6,242,190,34,1,12,0,0,0,STATIC_MODEL_UPPER_BOUND
NORMAL,SNOWY,RECENTLY_ABANDONED,COUNTERCLOCKWISE_90,13,13,6,242,190,34,1,12,0,0,0,STATIC_MODEL_UPPER_BOUND
NORMAL,SNOWY,WEATHERED,NONE,13,13,6,242,190,34,1,12,0,0,0,STATIC_MODEL_UPPER_BOUND
NORMAL,SNOWY,WEATHERED,CLOCKWISE_90,13,13,6,242,190,32,1,12,0,0,0,STATIC_MODEL_UPPER_BOUND
NORMAL,SNOWY,WEATHERED,CLOCKWISE_180,13,13,6,242,190,34,1,12,0,0,0,STATIC_MODEL_UPPER_BOUND
NORMAL,SNOWY,WEATHERED,COUNTERCLOCKWISE_90,13,13,6,242,190,34,1,12,0,0,0,STATIC_MODEL_UPPER_BOUND
NORMAL,SNOWY,COLLAPSED,NONE,13,13,6,251,194,38,0,12,0,0,0,STATIC_MODEL_UPPER_BOUND
NORMAL,SNOWY,COLLAPSED,CLOCKWISE_90,13,13,6,251,194,34,0,12,0,0,0,STATIC_MODEL_UPPER_BOUND
NORMAL,SNOWY,COLLAPSED,CLOCKWISE_180,13,13,6,251,194,38,0,12,0,0,0,STATIC_MODEL_UPPER_BOUND
NORMAL,SNOWY,COLLAPSED,COUNTERCLOCKWISE_90,13,13,6,251,194,38,0,12,0,0,0,STATIC_MODEL_UPPER_BOUND
NORMAL,SNOWY,EVACUATED,NONE,13,13,6,242,190,34,0,12,0,0,0,STATIC_MODEL_UPPER_BOUND
NORMAL,SNOWY,EVACUATED,CLOCKWISE_90,13,13,6,242,190,32,0,12,0,0,0,STATIC_MODEL_UPPER_BOUND
NORMAL,SNOWY,EVACUATED,CLOCKWISE_180,13,13,6,242,190,34,0,12,0,0,0,STATIC_MODEL_UPPER_BOUND
NORMAL,SNOWY,EVACUATED,COUNTERCLOCKWISE_90,13,13,6,242,190,34,0,12,0,0,0,STATIC_MODEL_UPPER_BOUND
NORMAL,WETLAND,RECENTLY_ABANDONED,NONE,13,13,6,250,197,34,1,12,0,0,0,STATIC_MODEL_UPPER_BOUND
NORMAL,WETLAND,RECENTLY_ABANDONED,CLOCKWISE_90,13,13,6,250,197,32,1,12,0,0,0,STATIC_MODEL_UPPER_BOUND
NORMAL,WETLAND,RECENTLY_ABANDONED,CLOCKWISE_180,13,13,6,250,197,34,1,12,0,0,0,STATIC_MODEL_UPPER_BOUND
NORMAL,WETLAND,RECENTLY_ABANDONED,COUNTERCLOCKWISE_90,13,13,6,250,197,34,1,12,0,0,0,STATIC_MODEL_UPPER_BOUND
NORMAL,WETLAND,WEATHERED,NONE,13,13,6,250,197,34,1,12,0,0,0,STATIC_MODEL_UPPER_BOUND
NORMAL,WETLAND,WEATHERED,CLOCKWISE_90,13,13,6,250,197,32,1,12,0,0,0,STATIC_MODEL_UPPER_BOUND
NORMAL,WETLAND,WEATHERED,CLOCKWISE_180,13,13,6,250,197,34,1,12,0,0,0,STATIC_MODEL_UPPER_BOUND
NORMAL,WETLAND,WEATHERED,COUNTERCLOCKWISE_90,13,13,6,250,197,34,1,12,0,0,0,STATIC_MODEL_UPPER_BOUND
NORMAL,WETLAND,COLLAPSED,NONE,13,13,6,259,201,38,0,12,0,0,0,STATIC_MODEL_UPPER_BOUND
NORMAL,WETLAND,COLLAPSED,CLOCKWISE_90,13,13,6,259,201,34,0,12,0,0,0,STATIC_MODEL_UPPER_BOUND
NORMAL,WETLAND,COLLAPSED,CLOCKWISE_180,13,13,6,259,201,38,0,12,0,0,0,STATIC_MODEL_UPPER_BOUND
NORMAL,WETLAND,COLLAPSED,COUNTERCLOCKWISE_90,13,13,6,259,201,38,0,12,0,0,0,STATIC_MODEL_UPPER_BOUND
NORMAL,WETLAND,EVACUATED,NONE,13,13,6,250,197,34,0,12,0,0,0,STATIC_MODEL_UPPER_BOUND
NORMAL,WETLAND,EVACUATED,CLOCKWISE_90,13,13,6,250,197,32,0,12,0,0,0,STATIC_MODEL_UPPER_BOUND
NORMAL,WETLAND,EVACUATED,CLOCKWISE_180,13,13,6,250,197,34,0,12,0,0,0,STATIC_MODEL_UPPER_BOUND
NORMAL,WETLAND,EVACUATED,COUNTERCLOCKWISE_90,13,13,6,250,197,34,0,12,0,0,0,STATIC_MODEL_UPPER_BOUND
NORMAL,TROPICAL,RECENTLY_ABANDONED,NONE,13,13,6,252,201,34,1,12,0,0,0,STATIC_MODEL_UPPER_BOUND
NORMAL,TROPICAL,RECENTLY_ABANDONED,CLOCKWISE_90,13,13,6,252,201,32,1,12,0,0,0,STATIC_MODEL_UPPER_BOUND
NORMAL,TROPICAL,RECENTLY_ABANDONED,CLOCKWISE_180,13,13,6,252,201,34,1,12,0,0,0,STATIC_MODEL_UPPER_BOUND
NORMAL,TROPICAL,RECENTLY_ABANDONED,COUNTERCLOCKWISE_90,13,13,6,252,201,34,1,12,0,0,0,STATIC_MODEL_UPPER_BOUND
NORMAL,TROPICAL,WEATHERED,NONE,13,13,6,252,201,34,1,12,0,0,0,STATIC_MODEL_UPPER_BOUND
NORMAL,TROPICAL,WEATHERED,CLOCKWISE_90,13,13,6,252,201,32,1,12,0,0,0,STATIC_MODEL_UPPER_BOUND
NORMAL,TROPICAL,WEATHERED,CLOCKWISE_180,13,13,6,252,201,34,1,12,0,0,0,STATIC_MODEL_UPPER_BOUND
NORMAL,TROPICAL,WEATHERED,COUNTERCLOCKWISE_90,13,13,6,252,201,34,1,12,0,0,0,STATIC_MODEL_UPPER_BOUND
NORMAL,TROPICAL,COLLAPSED,NONE,13,13,6,261,205,38,0,12,0,0,0,STATIC_MODEL_UPPER_BOUND
NORMAL,TROPICAL,COLLAPSED,CLOCKWISE_90,13,13,6,261,205,34,0,12,0,0,0,STATIC_MODEL_UPPER_BOUND
NORMAL,TROPICAL,COLLAPSED,CLOCKWISE_180,13,13,6,261,205,38,0,12,0,0,0,STATIC_MODEL_UPPER_BOUND
NORMAL,TROPICAL,COLLAPSED,COUNTERCLOCKWISE_90,13,13,6,261,205,38,0,12,0,0,0,STATIC_MODEL_UPPER_BOUND
NORMAL,TROPICAL,EVACUATED,NONE,13,13,6,252,201,34,0,12,0,0,0,STATIC_MODEL_UPPER_BOUND
NORMAL,TROPICAL,EVACUATED,CLOCKWISE_90,13,13,6,252,201,32,0,12,0,0,0,STATIC_MODEL_UPPER_BOUND
NORMAL,TROPICAL,EVACUATED,CLOCKWISE_180,13,13,6,252,201,34,0,12,0,0,0,STATIC_MODEL_UPPER_BOUND
NORMAL,TROPICAL,EVACUATED,COUNTERCLOCKWISE_90,13,13,6,252,201,34,0,12,0,0,0,STATIC_MODEL_UPPER_BOUND
NORMAL,ARID,RECENTLY_ABANDONED,NONE,13,13,6,240,187,34,1,12,0,0,0,STATIC_MODEL_UPPER_BOUND
NORMAL,ARID,RECENTLY_ABANDONED,CLOCKWISE_90,13,13,6,240,187,32,1,12,0,0,0,STATIC_MODEL_UPPER_BOUND
NORMAL,ARID,RECENTLY_ABANDONED,CLOCKWISE_180,13,13,6,240,187,34,1,12,0,0,0,STATIC_MODEL_UPPER_BOUND
NORMAL,ARID,RECENTLY_ABANDONED,COUNTERCLOCKWISE_90,13,13,6,240,187,34,1,12,0,0,0,STATIC_MODEL_UPPER_BOUND
NORMAL,ARID,WEATHERED,NONE,13,13,6,240,187,34,1,12,0,0,0,STATIC_MODEL_UPPER_BOUND
NORMAL,ARID,WEATHERED,CLOCKWISE_90,13,13,6,240,187,32,1,12,0,0,0,STATIC_MODEL_UPPER_BOUND
NORMAL,ARID,WEATHERED,CLOCKWISE_180,13,13,6,240,187,34,1,12,0,0,0,STATIC_MODEL_UPPER_BOUND
NORMAL,ARID,WEATHERED,COUNTERCLOCKWISE_90,13,13,6,240,187,34,1,12,0,0,0,STATIC_MODEL_UPPER_BOUND
NORMAL,ARID,COLLAPSED,NONE,13,13,6,249,191,38,0,12,0,0,0,STATIC_MODEL_UPPER_BOUND
NORMAL,ARID,COLLAPSED,CLOCKWISE_90,13,13,6,249,191,34,0,12,0,0,0,STATIC_MODEL_UPPER_BOUND
NORMAL,ARID,COLLAPSED,CLOCKWISE_180,13,13,6,249,191,38,0,12,0,0,0,STATIC_MODEL_UPPER_BOUND
NORMAL,ARID,COLLAPSED,COUNTERCLOCKWISE_90,13,13,6,249,191,38,0,12,0,0,0,STATIC_MODEL_UPPER_BOUND
NORMAL,ARID,EVACUATED,NONE,13,13,6,240,187,34,0,12,0,0,0,STATIC_MODEL_UPPER_BOUND
NORMAL,ARID,EVACUATED,CLOCKWISE_90,13,13,6,240,187,32,0,12,0,0,0,STATIC_MODEL_UPPER_BOUND
NORMAL,ARID,EVACUATED,CLOCKWISE_180,13,13,6,240,187,34,0,12,0,0,0,STATIC_MODEL_UPPER_BOUND
NORMAL,ARID,EVACUATED,COUNTERCLOCKWISE_90,13,13,6,240,187,34,0,12,0,0,0,STATIC_MODEL_UPPER_BOUND
NORMAL,ROCKY,RECENTLY_ABANDONED,NONE,13,13,6,240,188,34,1,12,0,0,0,STATIC_MODEL_UPPER_BOUND
NORMAL,ROCKY,RECENTLY_ABANDONED,CLOCKWISE_90,13,13,6,240,188,32,1,12,0,0,0,STATIC_MODEL_UPPER_BOUND
NORMAL,ROCKY,RECENTLY_ABANDONED,CLOCKWISE_180,13,13,6,240,188,34,1,12,0,0,0,STATIC_MODEL_UPPER_BOUND
NORMAL,ROCKY,RECENTLY_ABANDONED,COUNTERCLOCKWISE_90,13,13,6,240,188,34,1,12,0,0,0,STATIC_MODEL_UPPER_BOUND
NORMAL,ROCKY,WEATHERED,NONE,13,13,6,240,188,34,1,12,0,0,0,STATIC_MODEL_UPPER_BOUND
NORMAL,ROCKY,WEATHERED,CLOCKWISE_90,13,13,6,240,188,32,1,12,0,0,0,STATIC_MODEL_UPPER_BOUND
NORMAL,ROCKY,WEATHERED,CLOCKWISE_180,13,13,6,240,188,34,1,12,0,0,0,STATIC_MODEL_UPPER_BOUND
NORMAL,ROCKY,WEATHERED,COUNTERCLOCKWISE_90,13,13,6,240,188,34,1,12,0,0,0,STATIC_MODEL_UPPER_BOUND
NORMAL,ROCKY,COLLAPSED,NONE,13,13,6,249,192,38,0,12,0,0,0,STATIC_MODEL_UPPER_BOUND
NORMAL,ROCKY,COLLAPSED,CLOCKWISE_90,13,13,6,249,192,34,0,12,0,0,0,STATIC_MODEL_UPPER_BOUND
NORMAL,ROCKY,COLLAPSED,CLOCKWISE_180,13,13,6,249,192,38,0,12,0,0,0,STATIC_MODEL_UPPER_BOUND
NORMAL,ROCKY,COLLAPSED,COUNTERCLOCKWISE_90,13,13,6,249,192,38,0,12,0,0,0,STATIC_MODEL_UPPER_BOUND
NORMAL,ROCKY,EVACUATED,NONE,13,13,6,240,188,34,0,12,0,0,0,STATIC_MODEL_UPPER_BOUND
NORMAL,ROCKY,EVACUATED,CLOCKWISE_90,13,13,6,240,188,32,0,12,0,0,0,STATIC_MODEL_UPPER_BOUND
NORMAL,ROCKY,EVACUATED,CLOCKWISE_180,13,13,6,240,188,34,0,12,0,0,0,STATIC_MODEL_UPPER_BOUND
NORMAL,ROCKY,EVACUATED,COUNTERCLOCKWISE_90,13,13,6,240,188,34,0,12,0,0,0,STATIC_MODEL_UPPER_BOUND
NORMAL,VOLCANIC,RECENTLY_ABANDONED,NONE,13,13,6,238,186,34,1,12,0,0,0,STATIC_MODEL_UPPER_BOUND
NORMAL,VOLCANIC,RECENTLY_ABANDONED,CLOCKWISE_90,13,13,6,238,186,32,1,12,0,0,0,STATIC_MODEL_UPPER_BOUND
NORMAL,VOLCANIC,RECENTLY_ABANDONED,CLOCKWISE_180,13,13,6,238,186,34,1,12,0,0,0,STATIC_MODEL_UPPER_BOUND
NORMAL,VOLCANIC,RECENTLY_ABANDONED,COUNTERCLOCKWISE_90,13,13,6,238,186,34,1,12,0,0,0,STATIC_MODEL_UPPER_BOUND
NORMAL,VOLCANIC,WEATHERED,NONE,13,13,6,238,186,34,1,12,0,0,0,STATIC_MODEL_UPPER_BOUND
NORMAL,VOLCANIC,WEATHERED,CLOCKWISE_90,13,13,6,238,186,32,1,12,0,0,0,STATIC_MODEL_UPPER_BOUND
NORMAL,VOLCANIC,WEATHERED,CLOCKWISE_180,13,13,6,238,186,34,1,12,0,0,0,STATIC_MODEL_UPPER_BOUND
NORMAL,VOLCANIC,WEATHERED,COUNTERCLOCKWISE_90,13,13,6,238,186,34,1,12,0,0,0,STATIC_MODEL_UPPER_BOUND
NORMAL,VOLCANIC,COLLAPSED,NONE,13,13,6,247,190,38,0,12,0,0,0,STATIC_MODEL_UPPER_BOUND
NORMAL,VOLCANIC,COLLAPSED,CLOCKWISE_90,13,13,6,247,190,34,0,12,0,0,0,STATIC_MODEL_UPPER_BOUND
NORMAL,VOLCANIC,COLLAPSED,CLOCKWISE_180,13,13,6,247,190,38,0,12,0,0,0,STATIC_MODEL_UPPER_BOUND
NORMAL,VOLCANIC,COLLAPSED,COUNTERCLOCKWISE_90,13,13,6,247,190,38,0,12,0,0,0,STATIC_MODEL_UPPER_BOUND
NORMAL,VOLCANIC,EVACUATED,NONE,13,13,6,238,186,34,0,12,0,0,0,STATIC_MODEL_UPPER_BOUND
NORMAL,VOLCANIC,EVACUATED,CLOCKWISE_90,13,13,6,238,186,32,0,12,0,0,0,STATIC_MODEL_UPPER_BOUND
NORMAL,VOLCANIC,EVACUATED,CLOCKWISE_180,13,13,6,238,186,34,0,12,0,0,0,STATIC_MODEL_UPPER_BOUND
NORMAL,VOLCANIC,EVACUATED,COUNTERCLOCKWISE_90,13,13,6,238,186,34,0,12,0,0,0,STATIC_MODEL_UPPER_BOUND
RICH,TEMPERATE,RECENTLY_ABANDONED,NONE,15,15,7,350,259,34,1,18,0,0,0,STATIC_MODEL_UPPER_BOUND
RICH,TEMPERATE,RECENTLY_ABANDONED,CLOCKWISE_90,15,15,7,350,259,32,1,18,0,0,0,STATIC_MODEL_UPPER_BOUND
RICH,TEMPERATE,RECENTLY_ABANDONED,CLOCKWISE_180,15,15,7,350,259,34,1,18,0,0,0,STATIC_MODEL_UPPER_BOUND
RICH,TEMPERATE,RECENTLY_ABANDONED,COUNTERCLOCKWISE_90,15,15,7,350,259,34,1,18,0,0,0,STATIC_MODEL_UPPER_BOUND
RICH,TEMPERATE,WEATHERED,NONE,15,15,7,350,259,34,1,18,0,0,0,STATIC_MODEL_UPPER_BOUND
RICH,TEMPERATE,WEATHERED,CLOCKWISE_90,15,15,7,350,259,32,1,18,0,0,0,STATIC_MODEL_UPPER_BOUND
RICH,TEMPERATE,WEATHERED,CLOCKWISE_180,15,15,7,350,259,34,1,18,0,0,0,STATIC_MODEL_UPPER_BOUND
RICH,TEMPERATE,WEATHERED,COUNTERCLOCKWISE_90,15,15,7,350,259,34,1,18,0,0,0,STATIC_MODEL_UPPER_BOUND
RICH,TEMPERATE,COLLAPSED,NONE,15,15,7,359,263,38,1,18,0,0,0,STATIC_MODEL_UPPER_BOUND
RICH,TEMPERATE,COLLAPSED,CLOCKWISE_90,15,15,7,359,263,34,1,18,0,0,0,STATIC_MODEL_UPPER_BOUND
RICH,TEMPERATE,COLLAPSED,CLOCKWISE_180,15,15,7,359,263,38,1,18,0,0,0,STATIC_MODEL_UPPER_BOUND
RICH,TEMPERATE,COLLAPSED,COUNTERCLOCKWISE_90,15,15,7,359,263,38,1,18,0,0,0,STATIC_MODEL_UPPER_BOUND
RICH,TEMPERATE,EVACUATED,NONE,15,15,7,350,259,34,1,18,0,0,0,STATIC_MODEL_UPPER_BOUND
RICH,TEMPERATE,EVACUATED,CLOCKWISE_90,15,15,7,350,259,32,1,18,0,0,0,STATIC_MODEL_UPPER_BOUND
RICH,TEMPERATE,EVACUATED,CLOCKWISE_180,15,15,7,350,259,34,1,18,0,0,0,STATIC_MODEL_UPPER_BOUND
RICH,TEMPERATE,EVACUATED,COUNTERCLOCKWISE_90,15,15,7,350,259,34,1,18,0,0,0,STATIC_MODEL_UPPER_BOUND
RICH,CONIFER,RECENTLY_ABANDONED,NONE,15,15,7,350,266,34,1,18,0,0,0,STATIC_MODEL_UPPER_BOUND
RICH,CONIFER,RECENTLY_ABANDONED,CLOCKWISE_90,15,15,7,350,266,32,1,18,0,0,0,STATIC_MODEL_UPPER_BOUND
RICH,CONIFER,RECENTLY_ABANDONED,CLOCKWISE_180,15,15,7,350,266,34,1,18,0,0,0,STATIC_MODEL_UPPER_BOUND
RICH,CONIFER,RECENTLY_ABANDONED,COUNTERCLOCKWISE_90,15,15,7,350,266,34,1,18,0,0,0,STATIC_MODEL_UPPER_BOUND
RICH,CONIFER,WEATHERED,NONE,15,15,7,350,266,34,1,18,0,0,0,STATIC_MODEL_UPPER_BOUND
RICH,CONIFER,WEATHERED,CLOCKWISE_90,15,15,7,350,266,32,1,18,0,0,0,STATIC_MODEL_UPPER_BOUND
RICH,CONIFER,WEATHERED,CLOCKWISE_180,15,15,7,350,266,34,1,18,0,0,0,STATIC_MODEL_UPPER_BOUND
RICH,CONIFER,WEATHERED,COUNTERCLOCKWISE_90,15,15,7,350,266,34,1,18,0,0,0,STATIC_MODEL_UPPER_BOUND
RICH,CONIFER,COLLAPSED,NONE,15,15,7,359,270,38,1,18,0,0,0,STATIC_MODEL_UPPER_BOUND
RICH,CONIFER,COLLAPSED,CLOCKWISE_90,15,15,7,359,270,34,1,18,0,0,0,STATIC_MODEL_UPPER_BOUND
RICH,CONIFER,COLLAPSED,CLOCKWISE_180,15,15,7,359,270,38,1,18,0,0,0,STATIC_MODEL_UPPER_BOUND
RICH,CONIFER,COLLAPSED,COUNTERCLOCKWISE_90,15,15,7,359,270,38,1,18,0,0,0,STATIC_MODEL_UPPER_BOUND
RICH,CONIFER,EVACUATED,NONE,15,15,7,350,266,34,1,18,0,0,0,STATIC_MODEL_UPPER_BOUND
RICH,CONIFER,EVACUATED,CLOCKWISE_90,15,15,7,350,266,32,1,18,0,0,0,STATIC_MODEL_UPPER_BOUND
RICH,CONIFER,EVACUATED,CLOCKWISE_180,15,15,7,350,266,34,1,18,0,0,0,STATIC_MODEL_UPPER_BOUND
RICH,CONIFER,EVACUATED,COUNTERCLOCKWISE_90,15,15,7,350,266,34,1,18,0,0,0,STATIC_MODEL_UPPER_BOUND
RICH,SNOWY,RECENTLY_ABANDONED,NONE,15,15,7,350,264,34,1,18,0,0,0,STATIC_MODEL_UPPER_BOUND
RICH,SNOWY,RECENTLY_ABANDONED,CLOCKWISE_90,15,15,7,350,264,32,1,18,0,0,0,STATIC_MODEL_UPPER_BOUND
RICH,SNOWY,RECENTLY_ABANDONED,CLOCKWISE_180,15,15,7,350,264,34,1,18,0,0,0,STATIC_MODEL_UPPER_BOUND
RICH,SNOWY,RECENTLY_ABANDONED,COUNTERCLOCKWISE_90,15,15,7,350,264,34,1,18,0,0,0,STATIC_MODEL_UPPER_BOUND
RICH,SNOWY,WEATHERED,NONE,15,15,7,350,264,34,1,18,0,0,0,STATIC_MODEL_UPPER_BOUND
RICH,SNOWY,WEATHERED,CLOCKWISE_90,15,15,7,350,264,32,1,18,0,0,0,STATIC_MODEL_UPPER_BOUND
RICH,SNOWY,WEATHERED,CLOCKWISE_180,15,15,7,350,264,34,1,18,0,0,0,STATIC_MODEL_UPPER_BOUND
RICH,SNOWY,WEATHERED,COUNTERCLOCKWISE_90,15,15,7,350,264,34,1,18,0,0,0,STATIC_MODEL_UPPER_BOUND
RICH,SNOWY,COLLAPSED,NONE,15,15,7,359,268,38,1,18,0,0,0,STATIC_MODEL_UPPER_BOUND
RICH,SNOWY,COLLAPSED,CLOCKWISE_90,15,15,7,359,268,34,1,18,0,0,0,STATIC_MODEL_UPPER_BOUND
RICH,SNOWY,COLLAPSED,CLOCKWISE_180,15,15,7,359,268,38,1,18,0,0,0,STATIC_MODEL_UPPER_BOUND
RICH,SNOWY,COLLAPSED,COUNTERCLOCKWISE_90,15,15,7,359,268,38,1,18,0,0,0,STATIC_MODEL_UPPER_BOUND
RICH,SNOWY,EVACUATED,NONE,15,15,7,350,264,34,1,18,0,0,0,STATIC_MODEL_UPPER_BOUND
RICH,SNOWY,EVACUATED,CLOCKWISE_90,15,15,7,350,264,32,1,18,0,0,0,STATIC_MODEL_UPPER_BOUND
RICH,SNOWY,EVACUATED,CLOCKWISE_180,15,15,7,350,264,34,1,18,0,0,0,STATIC_MODEL_UPPER_BOUND
RICH,SNOWY,EVACUATED,COUNTERCLOCKWISE_90,15,15,7,350,264,34,1,18,0,0,0,STATIC_MODEL_UPPER_BOUND
RICH,WETLAND,RECENTLY_ABANDONED,NONE,15,15,7,370,279,34,1,18,0,0,0,STATIC_MODEL_UPPER_BOUND
RICH,WETLAND,RECENTLY_ABANDONED,CLOCKWISE_90,15,15,7,370,279,32,1,18,0,0,0,STATIC_MODEL_UPPER_BOUND
RICH,WETLAND,RECENTLY_ABANDONED,CLOCKWISE_180,15,15,7,370,279,34,1,18,0,0,0,STATIC_MODEL_UPPER_BOUND
RICH,WETLAND,RECENTLY_ABANDONED,COUNTERCLOCKWISE_90,15,15,7,370,279,34,1,18,0,0,0,STATIC_MODEL_UPPER_BOUND
RICH,WETLAND,WEATHERED,NONE,15,15,7,370,279,34,1,18,0,0,0,STATIC_MODEL_UPPER_BOUND
RICH,WETLAND,WEATHERED,CLOCKWISE_90,15,15,7,370,279,32,1,18,0,0,0,STATIC_MODEL_UPPER_BOUND
RICH,WETLAND,WEATHERED,CLOCKWISE_180,15,15,7,370,279,34,1,18,0,0,0,STATIC_MODEL_UPPER_BOUND
RICH,WETLAND,WEATHERED,COUNTERCLOCKWISE_90,15,15,7,370,279,34,1,18,0,0,0,STATIC_MODEL_UPPER_BOUND
RICH,WETLAND,COLLAPSED,NONE,15,15,7,379,283,38,1,18,0,0,0,STATIC_MODEL_UPPER_BOUND
RICH,WETLAND,COLLAPSED,CLOCKWISE_90,15,15,7,379,283,34,1,18,0,0,0,STATIC_MODEL_UPPER_BOUND
RICH,WETLAND,COLLAPSED,CLOCKWISE_180,15,15,7,379,283,38,1,18,0,0,0,STATIC_MODEL_UPPER_BOUND
RICH,WETLAND,COLLAPSED,COUNTERCLOCKWISE_90,15,15,7,379,283,38,1,18,0,0,0,STATIC_MODEL_UPPER_BOUND
RICH,WETLAND,EVACUATED,NONE,15,15,7,370,279,34,1,18,0,0,0,STATIC_MODEL_UPPER_BOUND
RICH,WETLAND,EVACUATED,CLOCKWISE_90,15,15,7,370,279,32,1,18,0,0,0,STATIC_MODEL_UPPER_BOUND
RICH,WETLAND,EVACUATED,CLOCKWISE_180,15,15,7,370,279,34,1,18,0,0,0,STATIC_MODEL_UPPER_BOUND
RICH,WETLAND,EVACUATED,COUNTERCLOCKWISE_90,15,15,7,370,279,34,1,18,0,0,0,STATIC_MODEL_UPPER_BOUND
RICH,TROPICAL,RECENTLY_ABANDONED,NONE,15,15,7,372,283,34,1,18,0,0,0,STATIC_MODEL_UPPER_BOUND
RICH,TROPICAL,RECENTLY_ABANDONED,CLOCKWISE_90,15,15,7,372,283,32,1,18,0,0,0,STATIC_MODEL_UPPER_BOUND
RICH,TROPICAL,RECENTLY_ABANDONED,CLOCKWISE_180,15,15,7,372,283,34,1,18,0,0,0,STATIC_MODEL_UPPER_BOUND
RICH,TROPICAL,RECENTLY_ABANDONED,COUNTERCLOCKWISE_90,15,15,7,372,283,34,1,18,0,0,0,STATIC_MODEL_UPPER_BOUND
RICH,TROPICAL,WEATHERED,NONE,15,15,7,372,283,34,1,18,0,0,0,STATIC_MODEL_UPPER_BOUND
RICH,TROPICAL,WEATHERED,CLOCKWISE_90,15,15,7,372,283,32,1,18,0,0,0,STATIC_MODEL_UPPER_BOUND
RICH,TROPICAL,WEATHERED,CLOCKWISE_180,15,15,7,372,283,34,1,18,0,0,0,STATIC_MODEL_UPPER_BOUND
RICH,TROPICAL,WEATHERED,COUNTERCLOCKWISE_90,15,15,7,372,283,34,1,18,0,0,0,STATIC_MODEL_UPPER_BOUND
RICH,TROPICAL,COLLAPSED,NONE,15,15,7,381,287,38,1,18,0,0,0,STATIC_MODEL_UPPER_BOUND
RICH,TROPICAL,COLLAPSED,CLOCKWISE_90,15,15,7,381,287,34,1,18,0,0,0,STATIC_MODEL_UPPER_BOUND
RICH,TROPICAL,COLLAPSED,CLOCKWISE_180,15,15,7,381,287,38,1,18,0,0,0,STATIC_MODEL_UPPER_BOUND
RICH,TROPICAL,COLLAPSED,COUNTERCLOCKWISE_90,15,15,7,381,287,38,1,18,0,0,0,STATIC_MODEL_UPPER_BOUND
RICH,TROPICAL,EVACUATED,NONE,15,15,7,372,283,34,1,18,0,0,0,STATIC_MODEL_UPPER_BOUND
RICH,TROPICAL,EVACUATED,CLOCKWISE_90,15,15,7,372,283,32,1,18,0,0,0,STATIC_MODEL_UPPER_BOUND
RICH,TROPICAL,EVACUATED,CLOCKWISE_180,15,15,7,372,283,34,1,18,0,0,0,STATIC_MODEL_UPPER_BOUND
RICH,TROPICAL,EVACUATED,COUNTERCLOCKWISE_90,15,15,7,372,283,34,1,18,0,0,0,STATIC_MODEL_UPPER_BOUND
RICH,ARID,RECENTLY_ABANDONED,NONE,15,15,7,348,261,34,1,18,0,0,0,STATIC_MODEL_UPPER_BOUND
RICH,ARID,RECENTLY_ABANDONED,CLOCKWISE_90,15,15,7,348,261,32,1,18,0,0,0,STATIC_MODEL_UPPER_BOUND
RICH,ARID,RECENTLY_ABANDONED,CLOCKWISE_180,15,15,7,348,261,34,1,18,0,0,0,STATIC_MODEL_UPPER_BOUND
RICH,ARID,RECENTLY_ABANDONED,COUNTERCLOCKWISE_90,15,15,7,348,261,34,1,18,0,0,0,STATIC_MODEL_UPPER_BOUND
RICH,ARID,WEATHERED,NONE,15,15,7,348,261,34,1,18,0,0,0,STATIC_MODEL_UPPER_BOUND
RICH,ARID,WEATHERED,CLOCKWISE_90,15,15,7,348,261,32,1,18,0,0,0,STATIC_MODEL_UPPER_BOUND
RICH,ARID,WEATHERED,CLOCKWISE_180,15,15,7,348,261,34,1,18,0,0,0,STATIC_MODEL_UPPER_BOUND
RICH,ARID,WEATHERED,COUNTERCLOCKWISE_90,15,15,7,348,261,34,1,18,0,0,0,STATIC_MODEL_UPPER_BOUND
RICH,ARID,COLLAPSED,NONE,15,15,7,357,265,38,1,18,0,0,0,STATIC_MODEL_UPPER_BOUND
RICH,ARID,COLLAPSED,CLOCKWISE_90,15,15,7,357,265,34,1,18,0,0,0,STATIC_MODEL_UPPER_BOUND
RICH,ARID,COLLAPSED,CLOCKWISE_180,15,15,7,357,265,38,1,18,0,0,0,STATIC_MODEL_UPPER_BOUND
RICH,ARID,COLLAPSED,COUNTERCLOCKWISE_90,15,15,7,357,265,38,1,18,0,0,0,STATIC_MODEL_UPPER_BOUND
RICH,ARID,EVACUATED,NONE,15,15,7,348,261,34,1,18,0,0,0,STATIC_MODEL_UPPER_BOUND
RICH,ARID,EVACUATED,CLOCKWISE_90,15,15,7,348,261,32,1,18,0,0,0,STATIC_MODEL_UPPER_BOUND
RICH,ARID,EVACUATED,CLOCKWISE_180,15,15,7,348,261,34,1,18,0,0,0,STATIC_MODEL_UPPER_BOUND
RICH,ARID,EVACUATED,COUNTERCLOCKWISE_90,15,15,7,348,261,34,1,18,0,0,0,STATIC_MODEL_UPPER_BOUND
RICH,ROCKY,RECENTLY_ABANDONED,NONE,15,15,7,348,261,34,1,18,0,0,0,STATIC_MODEL_UPPER_BOUND
RICH,ROCKY,RECENTLY_ABANDONED,CLOCKWISE_90,15,15,7,348,261,32,1,18,0,0,0,STATIC_MODEL_UPPER_BOUND
RICH,ROCKY,RECENTLY_ABANDONED,CLOCKWISE_180,15,15,7,348,261,34,1,18,0,0,0,STATIC_MODEL_UPPER_BOUND
RICH,ROCKY,RECENTLY_ABANDONED,COUNTERCLOCKWISE_90,15,15,7,348,261,34,1,18,0,0,0,STATIC_MODEL_UPPER_BOUND
RICH,ROCKY,WEATHERED,NONE,15,15,7,348,261,34,1,18,0,0,0,STATIC_MODEL_UPPER_BOUND
RICH,ROCKY,WEATHERED,CLOCKWISE_90,15,15,7,348,261,32,1,18,0,0,0,STATIC_MODEL_UPPER_BOUND
RICH,ROCKY,WEATHERED,CLOCKWISE_180,15,15,7,348,261,34,1,18,0,0,0,STATIC_MODEL_UPPER_BOUND
RICH,ROCKY,WEATHERED,COUNTERCLOCKWISE_90,15,15,7,348,261,34,1,18,0,0,0,STATIC_MODEL_UPPER_BOUND
RICH,ROCKY,COLLAPSED,NONE,15,15,7,357,265,38,1,18,0,0,0,STATIC_MODEL_UPPER_BOUND
RICH,ROCKY,COLLAPSED,CLOCKWISE_90,15,15,7,357,265,34,1,18,0,0,0,STATIC_MODEL_UPPER_BOUND
RICH,ROCKY,COLLAPSED,CLOCKWISE_180,15,15,7,357,265,38,1,18,0,0,0,STATIC_MODEL_UPPER_BOUND
RICH,ROCKY,COLLAPSED,COUNTERCLOCKWISE_90,15,15,7,357,265,38,1,18,0,0,0,STATIC_MODEL_UPPER_BOUND
RICH,ROCKY,EVACUATED,NONE,15,15,7,348,261,34,1,18,0,0,0,STATIC_MODEL_UPPER_BOUND
RICH,ROCKY,EVACUATED,CLOCKWISE_90,15,15,7,348,261,32,1,18,0,0,0,STATIC_MODEL_UPPER_BOUND
RICH,ROCKY,EVACUATED,CLOCKWISE_180,15,15,7,348,261,34,1,18,0,0,0,STATIC_MODEL_UPPER_BOUND
RICH,ROCKY,EVACUATED,COUNTERCLOCKWISE_90,15,15,7,348,261,34,1,18,0,0,0,STATIC_MODEL_UPPER_BOUND
RICH,VOLCANIC,RECENTLY_ABANDONED,NONE,15,15,7,346,260,34,1,18,0,0,0,STATIC_MODEL_UPPER_BOUND
RICH,VOLCANIC,RECENTLY_ABANDONED,CLOCKWISE_90,15,15,7,346,260,32,1,18,0,0,0,STATIC_MODEL_UPPER_BOUND
RICH,VOLCANIC,RECENTLY_ABANDONED,CLOCKWISE_180,15,15,7,346,260,34,1,18,0,0,0,STATIC_MODEL_UPPER_BOUND
RICH,VOLCANIC,RECENTLY_ABANDONED,COUNTERCLOCKWISE_90,15,15,7,346,260,34,1,18,0,0,0,STATIC_MODEL_UPPER_BOUND
RICH,VOLCANIC,WEATHERED,NONE,15,15,7,346,260,34,1,18,0,0,0,STATIC_MODEL_UPPER_BOUND
RICH,VOLCANIC,WEATHERED,CLOCKWISE_90,15,15,7,346,260,32,1,18,0,0,0,STATIC_MODEL_UPPER_BOUND
RICH,VOLCANIC,WEATHERED,CLOCKWISE_180,15,15,7,346,260,34,1,18,0,0,0,STATIC_MODEL_UPPER_BOUND
RICH,VOLCANIC,WEATHERED,COUNTERCLOCKWISE_90,15,15,7,346,260,34,1,18,0,0,0,STATIC_MODEL_UPPER_BOUND
RICH,VOLCANIC,COLLAPSED,NONE,15,15,7,355,264,38,1,18,0,0,0,STATIC_MODEL_UPPER_BOUND
RICH,VOLCANIC,COLLAPSED,CLOCKWISE_90,15,15,7,355,264,34,1,18,0,0,0,STATIC_MODEL_UPPER_BOUND
RICH,VOLCANIC,COLLAPSED,CLOCKWISE_180,15,15,7,355,264,38,1,18,0,0,0,STATIC_MODEL_UPPER_BOUND
RICH,VOLCANIC,COLLAPSED,COUNTERCLOCKWISE_90,15,15,7,355,264,38,1,18,0,0,0,STATIC_MODEL_UPPER_BOUND
RICH,VOLCANIC,EVACUATED,NONE,15,15,7,346,260,34,1,18,0,0,0,STATIC_MODEL_UPPER_BOUND
RICH,VOLCANIC,EVACUATED,CLOCKWISE_90,15,15,7,346,260,32,1,18,0,0,0,STATIC_MODEL_UPPER_BOUND
RICH,VOLCANIC,EVACUATED,CLOCKWISE_180,15,15,7,346,260,34,1,18,0,0,0,STATIC_MODEL_UPPER_BOUND
RICH,VOLCANIC,EVACUATED,COUNTERCLOCKWISE_90,15,15,7,346,260,34,1,18,0,0,0,STATIC_MODEL_UPPER_BOUND
MOTHERLODE,TEMPERATE,RECENTLY_ABANDONED,NONE,15,15,8,473,359,34,1,24,0,0,0,STATIC_MODEL_UPPER_BOUND
MOTHERLODE,TEMPERATE,RECENTLY_ABANDONED,CLOCKWISE_90,15,15,8,473,359,32,1,24,0,0,0,STATIC_MODEL_UPPER_BOUND
MOTHERLODE,TEMPERATE,RECENTLY_ABANDONED,CLOCKWISE_180,15,15,8,473,359,34,1,24,0,0,0,STATIC_MODEL_UPPER_BOUND
MOTHERLODE,TEMPERATE,RECENTLY_ABANDONED,COUNTERCLOCKWISE_90,15,15,8,473,359,34,1,24,0,0,0,STATIC_MODEL_UPPER_BOUND
MOTHERLODE,TEMPERATE,COLLAPSED,NONE,15,15,8,482,363,38,1,24,0,0,0,STATIC_MODEL_UPPER_BOUND
MOTHERLODE,TEMPERATE,COLLAPSED,CLOCKWISE_90,15,15,8,482,363,34,1,24,0,0,0,STATIC_MODEL_UPPER_BOUND
MOTHERLODE,TEMPERATE,COLLAPSED,CLOCKWISE_180,15,15,8,482,363,38,1,24,0,0,0,STATIC_MODEL_UPPER_BOUND
MOTHERLODE,TEMPERATE,COLLAPSED,COUNTERCLOCKWISE_90,15,15,8,482,363,38,1,24,0,0,0,STATIC_MODEL_UPPER_BOUND
MOTHERLODE,TEMPERATE,EVACUATED,NONE,15,15,8,473,359,34,1,24,0,0,0,STATIC_MODEL_UPPER_BOUND
MOTHERLODE,TEMPERATE,EVACUATED,CLOCKWISE_90,15,15,8,473,359,32,1,24,0,0,0,STATIC_MODEL_UPPER_BOUND
MOTHERLODE,TEMPERATE,EVACUATED,CLOCKWISE_180,15,15,8,473,359,34,1,24,0,0,0,STATIC_MODEL_UPPER_BOUND
MOTHERLODE,TEMPERATE,EVACUATED,COUNTERCLOCKWISE_90,15,15,8,473,359,34,1,24,0,0,0,STATIC_MODEL_UPPER_BOUND
MOTHERLODE,CONIFER,RECENTLY_ABANDONED,NONE,15,15,8,473,368,34,1,24,0,0,0,STATIC_MODEL_UPPER_BOUND
MOTHERLODE,CONIFER,RECENTLY_ABANDONED,CLOCKWISE_90,15,15,8,473,368,32,1,24,0,0,0,STATIC_MODEL_UPPER_BOUND
MOTHERLODE,CONIFER,RECENTLY_ABANDONED,CLOCKWISE_180,15,15,8,473,368,34,1,24,0,0,0,STATIC_MODEL_UPPER_BOUND
MOTHERLODE,CONIFER,RECENTLY_ABANDONED,COUNTERCLOCKWISE_90,15,15,8,473,368,34,1,24,0,0,0,STATIC_MODEL_UPPER_BOUND
MOTHERLODE,CONIFER,COLLAPSED,NONE,15,15,8,482,372,38,1,24,0,0,0,STATIC_MODEL_UPPER_BOUND
MOTHERLODE,CONIFER,COLLAPSED,CLOCKWISE_90,15,15,8,482,372,34,1,24,0,0,0,STATIC_MODEL_UPPER_BOUND
MOTHERLODE,CONIFER,COLLAPSED,CLOCKWISE_180,15,15,8,482,372,38,1,24,0,0,0,STATIC_MODEL_UPPER_BOUND
MOTHERLODE,CONIFER,COLLAPSED,COUNTERCLOCKWISE_90,15,15,8,482,372,38,1,24,0,0,0,STATIC_MODEL_UPPER_BOUND
MOTHERLODE,CONIFER,EVACUATED,NONE,15,15,8,473,368,34,1,24,0,0,0,STATIC_MODEL_UPPER_BOUND
MOTHERLODE,CONIFER,EVACUATED,CLOCKWISE_90,15,15,8,473,368,32,1,24,0,0,0,STATIC_MODEL_UPPER_BOUND
MOTHERLODE,CONIFER,EVACUATED,CLOCKWISE_180,15,15,8,473,368,34,1,24,0,0,0,STATIC_MODEL_UPPER_BOUND
MOTHERLODE,CONIFER,EVACUATED,COUNTERCLOCKWISE_90,15,15,8,473,368,34,1,24,0,0,0,STATIC_MODEL_UPPER_BOUND
MOTHERLODE,SNOWY,RECENTLY_ABANDONED,NONE,15,15,8,473,365,34,1,24,0,0,0,STATIC_MODEL_UPPER_BOUND
MOTHERLODE,SNOWY,RECENTLY_ABANDONED,CLOCKWISE_90,15,15,8,473,365,32,1,24,0,0,0,STATIC_MODEL_UPPER_BOUND
MOTHERLODE,SNOWY,RECENTLY_ABANDONED,CLOCKWISE_180,15,15,8,473,365,34,1,24,0,0,0,STATIC_MODEL_UPPER_BOUND
MOTHERLODE,SNOWY,RECENTLY_ABANDONED,COUNTERCLOCKWISE_90,15,15,8,473,365,34,1,24,0,0,0,STATIC_MODEL_UPPER_BOUND
MOTHERLODE,SNOWY,COLLAPSED,NONE,15,15,8,482,369,38,1,24,0,0,0,STATIC_MODEL_UPPER_BOUND
MOTHERLODE,SNOWY,COLLAPSED,CLOCKWISE_90,15,15,8,482,369,34,1,24,0,0,0,STATIC_MODEL_UPPER_BOUND
MOTHERLODE,SNOWY,COLLAPSED,CLOCKWISE_180,15,15,8,482,369,38,1,24,0,0,0,STATIC_MODEL_UPPER_BOUND
MOTHERLODE,SNOWY,COLLAPSED,COUNTERCLOCKWISE_90,15,15,8,482,369,38,1,24,0,0,0,STATIC_MODEL_UPPER_BOUND
MOTHERLODE,SNOWY,EVACUATED,NONE,15,15,8,473,365,34,1,24,0,0,0,STATIC_MODEL_UPPER_BOUND
MOTHERLODE,SNOWY,EVACUATED,CLOCKWISE_90,15,15,8,473,365,32,1,24,0,0,0,STATIC_MODEL_UPPER_BOUND
MOTHERLODE,SNOWY,EVACUATED,CLOCKWISE_180,15,15,8,473,365,34,1,24,0,0,0,STATIC_MODEL_UPPER_BOUND
MOTHERLODE,SNOWY,EVACUATED,COUNTERCLOCKWISE_90,15,15,8,473,365,34,1,24,0,0,0,STATIC_MODEL_UPPER_BOUND
MOTHERLODE,WETLAND,RECENTLY_ABANDONED,NONE,15,15,8,504,390,34,1,24,0,0,0,STATIC_MODEL_UPPER_BOUND
MOTHERLODE,WETLAND,RECENTLY_ABANDONED,CLOCKWISE_90,15,15,8,504,390,32,1,24,0,0,0,STATIC_MODEL_UPPER_BOUND
MOTHERLODE,WETLAND,RECENTLY_ABANDONED,CLOCKWISE_180,15,15,8,504,390,34,1,24,0,0,0,STATIC_MODEL_UPPER_BOUND
MOTHERLODE,WETLAND,RECENTLY_ABANDONED,COUNTERCLOCKWISE_90,15,15,8,504,390,34,1,24,0,0,0,STATIC_MODEL_UPPER_BOUND
MOTHERLODE,WETLAND,COLLAPSED,NONE,15,15,8,513,394,38,1,24,0,0,0,STATIC_MODEL_UPPER_BOUND
MOTHERLODE,WETLAND,COLLAPSED,CLOCKWISE_90,15,15,8,513,394,34,1,24,0,0,0,STATIC_MODEL_UPPER_BOUND
MOTHERLODE,WETLAND,COLLAPSED,CLOCKWISE_180,15,15,8,513,394,38,1,24,0,0,0,STATIC_MODEL_UPPER_BOUND
MOTHERLODE,WETLAND,COLLAPSED,COUNTERCLOCKWISE_90,15,15,8,513,394,38,1,24,0,0,0,STATIC_MODEL_UPPER_BOUND
MOTHERLODE,WETLAND,EVACUATED,NONE,15,15,8,504,390,34,1,24,0,0,0,STATIC_MODEL_UPPER_BOUND
MOTHERLODE,WETLAND,EVACUATED,CLOCKWISE_90,15,15,8,504,390,32,1,24,0,0,0,STATIC_MODEL_UPPER_BOUND
MOTHERLODE,WETLAND,EVACUATED,CLOCKWISE_180,15,15,8,504,390,34,1,24,0,0,0,STATIC_MODEL_UPPER_BOUND
MOTHERLODE,WETLAND,EVACUATED,COUNTERCLOCKWISE_90,15,15,8,504,390,34,1,24,0,0,0,STATIC_MODEL_UPPER_BOUND
MOTHERLODE,TROPICAL,RECENTLY_ABANDONED,NONE,15,15,8,506,395,34,1,24,0,0,0,STATIC_MODEL_UPPER_BOUND
MOTHERLODE,TROPICAL,RECENTLY_ABANDONED,CLOCKWISE_90,15,15,8,506,395,32,1,24,0,0,0,STATIC_MODEL_UPPER_BOUND
MOTHERLODE,TROPICAL,RECENTLY_ABANDONED,CLOCKWISE_180,15,15,8,506,395,34,1,24,0,0,0,STATIC_MODEL_UPPER_BOUND
MOTHERLODE,TROPICAL,RECENTLY_ABANDONED,COUNTERCLOCKWISE_90,15,15,8,506,395,34,1,24,0,0,0,STATIC_MODEL_UPPER_BOUND
MOTHERLODE,TROPICAL,COLLAPSED,NONE,15,15,8,515,399,38,1,24,0,0,0,STATIC_MODEL_UPPER_BOUND
MOTHERLODE,TROPICAL,COLLAPSED,CLOCKWISE_90,15,15,8,515,399,34,1,24,0,0,0,STATIC_MODEL_UPPER_BOUND
MOTHERLODE,TROPICAL,COLLAPSED,CLOCKWISE_180,15,15,8,515,399,38,1,24,0,0,0,STATIC_MODEL_UPPER_BOUND
MOTHERLODE,TROPICAL,COLLAPSED,COUNTERCLOCKWISE_90,15,15,8,515,399,38,1,24,0,0,0,STATIC_MODEL_UPPER_BOUND
MOTHERLODE,TROPICAL,EVACUATED,NONE,15,15,8,506,395,34,1,24,0,0,0,STATIC_MODEL_UPPER_BOUND
MOTHERLODE,TROPICAL,EVACUATED,CLOCKWISE_90,15,15,8,506,395,32,1,24,0,0,0,STATIC_MODEL_UPPER_BOUND
MOTHERLODE,TROPICAL,EVACUATED,CLOCKWISE_180,15,15,8,506,395,34,1,24,0,0,0,STATIC_MODEL_UPPER_BOUND
MOTHERLODE,TROPICAL,EVACUATED,COUNTERCLOCKWISE_90,15,15,8,506,395,34,1,24,0,0,0,STATIC_MODEL_UPPER_BOUND
MOTHERLODE,ARID,RECENTLY_ABANDONED,NONE,15,15,8,471,362,34,1,24,0,0,0,STATIC_MODEL_UPPER_BOUND
MOTHERLODE,ARID,RECENTLY_ABANDONED,CLOCKWISE_90,15,15,8,471,362,32,1,24,0,0,0,STATIC_MODEL_UPPER_BOUND
MOTHERLODE,ARID,RECENTLY_ABANDONED,CLOCKWISE_180,15,15,8,471,362,34,1,24,0,0,0,STATIC_MODEL_UPPER_BOUND
MOTHERLODE,ARID,RECENTLY_ABANDONED,COUNTERCLOCKWISE_90,15,15,8,471,362,34,1,24,0,0,0,STATIC_MODEL_UPPER_BOUND
MOTHERLODE,ARID,COLLAPSED,NONE,15,15,8,480,366,38,1,24,0,0,0,STATIC_MODEL_UPPER_BOUND
MOTHERLODE,ARID,COLLAPSED,CLOCKWISE_90,15,15,8,480,366,34,1,24,0,0,0,STATIC_MODEL_UPPER_BOUND
MOTHERLODE,ARID,COLLAPSED,CLOCKWISE_180,15,15,8,480,366,38,1,24,0,0,0,STATIC_MODEL_UPPER_BOUND
MOTHERLODE,ARID,COLLAPSED,COUNTERCLOCKWISE_90,15,15,8,480,366,38,1,24,0,0,0,STATIC_MODEL_UPPER_BOUND
MOTHERLODE,ARID,EVACUATED,NONE,15,15,8,471,362,34,1,24,0,0,0,STATIC_MODEL_UPPER_BOUND
MOTHERLODE,ARID,EVACUATED,CLOCKWISE_90,15,15,8,471,362,32,1,24,0,0,0,STATIC_MODEL_UPPER_BOUND
MOTHERLODE,ARID,EVACUATED,CLOCKWISE_180,15,15,8,471,362,34,1,24,0,0,0,STATIC_MODEL_UPPER_BOUND
MOTHERLODE,ARID,EVACUATED,COUNTERCLOCKWISE_90,15,15,8,471,362,34,1,24,0,0,0,STATIC_MODEL_UPPER_BOUND
MOTHERLODE,ROCKY,RECENTLY_ABANDONED,NONE,15,15,8,471,361,34,1,24,0,0,0,STATIC_MODEL_UPPER_BOUND
MOTHERLODE,ROCKY,RECENTLY_ABANDONED,CLOCKWISE_90,15,15,8,471,361,32,1,24,0,0,0,STATIC_MODEL_UPPER_BOUND
MOTHERLODE,ROCKY,RECENTLY_ABANDONED,CLOCKWISE_180,15,15,8,471,361,34,1,24,0,0,0,STATIC_MODEL_UPPER_BOUND
MOTHERLODE,ROCKY,RECENTLY_ABANDONED,COUNTERCLOCKWISE_90,15,15,8,471,361,34,1,24,0,0,0,STATIC_MODEL_UPPER_BOUND
MOTHERLODE,ROCKY,COLLAPSED,NONE,15,15,8,480,365,38,1,24,0,0,0,STATIC_MODEL_UPPER_BOUND
MOTHERLODE,ROCKY,COLLAPSED,CLOCKWISE_90,15,15,8,480,365,34,1,24,0,0,0,STATIC_MODEL_UPPER_BOUND
MOTHERLODE,ROCKY,COLLAPSED,CLOCKWISE_180,15,15,8,480,365,38,1,24,0,0,0,STATIC_MODEL_UPPER_BOUND
MOTHERLODE,ROCKY,COLLAPSED,COUNTERCLOCKWISE_90,15,15,8,480,365,38,1,24,0,0,0,STATIC_MODEL_UPPER_BOUND
MOTHERLODE,ROCKY,EVACUATED,NONE,15,15,8,471,361,34,1,24,0,0,0,STATIC_MODEL_UPPER_BOUND
MOTHERLODE,ROCKY,EVACUATED,CLOCKWISE_90,15,15,8,471,361,32,1,24,0,0,0,STATIC_MODEL_UPPER_BOUND
MOTHERLODE,ROCKY,EVACUATED,CLOCKWISE_180,15,15,8,471,361,34,1,24,0,0,0,STATIC_MODEL_UPPER_BOUND
MOTHERLODE,ROCKY,EVACUATED,COUNTERCLOCKWISE_90,15,15,8,471,361,34,1,24,0,0,0,STATIC_MODEL_UPPER_BOUND
MOTHERLODE,VOLCANIC,RECENTLY_ABANDONED,NONE,15,15,8,469,361,34,1,24,0,0,0,STATIC_MODEL_UPPER_BOUND
MOTHERLODE,VOLCANIC,RECENTLY_ABANDONED,CLOCKWISE_90,15,15,8,469,361,32,1,24,0,0,0,STATIC_MODEL_UPPER_BOUND
MOTHERLODE,VOLCANIC,RECENTLY_ABANDONED,CLOCKWISE_180,15,15,8,469,361,34,1,24,0,0,0,STATIC_MODEL_UPPER_BOUND
MOTHERLODE,VOLCANIC,RECENTLY_ABANDONED,COUNTERCLOCKWISE_90,15,15,8,469,361,34,1,24,0,0,0,STATIC_MODEL_UPPER_BOUND
MOTHERLODE,VOLCANIC,COLLAPSED,NONE,15,15,8,478,365,38,1,24,0,0,0,STATIC_MODEL_UPPER_BOUND
MOTHERLODE,VOLCANIC,COLLAPSED,CLOCKWISE_90,15,15,8,478,365,34,1,24,0,0,0,STATIC_MODEL_UPPER_BOUND
MOTHERLODE,VOLCANIC,COLLAPSED,CLOCKWISE_180,15,15,8,478,365,38,1,24,0,0,0,STATIC_MODEL_UPPER_BOUND
MOTHERLODE,VOLCANIC,COLLAPSED,COUNTERCLOCKWISE_90,15,15,8,478,365,38,1,24,0,0,0,STATIC_MODEL_UPPER_BOUND
MOTHERLODE,VOLCANIC,EVACUATED,NONE,15,15,8,469,361,34,1,24,0,0,0,STATIC_MODEL_UPPER_BOUND
MOTHERLODE,VOLCANIC,EVACUATED,CLOCKWISE_90,15,15,8,469,361,32,1,24,0,0,0,STATIC_MODEL_UPPER_BOUND
MOTHERLODE,VOLCANIC,EVACUATED,CLOCKWISE_180,15,15,8,469,361,34,1,24,0,0,0,STATIC_MODEL_UPPER_BOUND
MOTHERLODE,VOLCANIC,EVACUATED,COUNTERCLOCKWISE_90,15,15,8,469,361,34,1,24,0,0,0,STATIC_MODEL_UPPER_BOUND
