quality,visual_family,narrative_state,audit_seed,rotation,target_footprint,placed_footprint,max_height,placed_height_span,block_count,non_air_block_count,block_entity_count_vanilla,block_entity_count_with_domum,domum_material_block_entity_count,container_count,min_relative_x,max_relative_x,min_relative_y,max_relative_y,min_relative_z,max_relative_z,footprint_x,footprint_z,cross_chunk_writes,measurement_status,shelter_shell_block_count,domum_share_of_shelter_shell_percent,biome_geometry_block_count
DRY,TEMPERATE,ABANDONED,0x51A7E5EED,CLOCKWISE_180,9,9,4,4,113,83,1,1,0,0,-4,4,-1,2,-4,4,9,9,0,STATIC_COMPOSER_MODEL,21,0.00,0
DRY,CONIFER,ABANDONED,0x51A7E5EED,CLOCKWISE_180,9,9,4,4,113,85,1,1,0,0,-4,4,-1,2,-4,4,9,9,0,STATIC_COMPOSER_MODEL,23,0.00,2
DRY,SNOWY,ABANDONED,0x51A7E5EED,CLOCKWISE_180,9,9,4,4,113,85,1,1,0,0,-4,4,-1,2,-4,4,9,9,0,STATIC_COMPOSER_MODEL,23,0.00,2
DRY,WETLAND,ABANDONED,0x51A7E5EED,CLOCKWISE_180,9,9,4,4,115,83,1,1,0,0,-4,4,-1,2,-4,4,9,9,0,STATIC_COMPOSER_MODEL,15,0.00,0
DRY,TROPICAL,ABANDONED,0x51A7E5EED,CLOCKWISE_180,9,9,4,4,117,86,1,1,0,0,-4,4,-1,2,-4,4,9,9,0,STATIC_COMPOSER_MODEL,16,0.00,1
DRY,ARID,COLLAPSED,0x51A7E5EED,CLOCKWISE_180,9,9,4,4,113,84,1,1,0,0,-4,4,-1,2,-4,4,9,9,0,STATIC_COMPOSER_MODEL,22,0.00,1
DRY,ROCKY,ABANDONED,0x51A7E5EED,CLOCKWISE_180,9,9,4,4,111,83,1,1,0,0,-4,4,-1,2,-4,4,9,9,0,STATIC_COMPOSER_MODEL,23,0.00,2
DRY,VOLCANIC,COLLAPSED,0x51A7E5EED,CLOCKWISE_180,9,9,4,4,111,83,1,1,0,0,-4,4,-1,2,-4,4,9,9,0,STATIC_COMPOSER_MODEL,23,0.00,2
POOR,TEMPERATE,ABANDONED,0x51A7E5EED,CLOCKWISE_180,11,11,5,5,144,106,2,9,7,1,-5,5,-1,3,-5,5,11,11,0,STATIC_COMPOSER_MODEL,31,22.58,0
POOR,CONIFER,ABANDONED,0x51A7E5EED,CLOCKWISE_180,11,11,5,5,144,109,2,9,7,1,-5,5,-1,3,-5,5,11,11,0,STATIC_COMPOSER_MODEL,34,20.59,3
POOR,SNOWY,ABANDONED,0x51A7E5EED,CLOCKWISE_180,11,11,5,5,144,108,2,9,7,1,-5,5,-1,3,-5,5,11,11,0,STATIC_COMPOSER_MODEL,33,21.21,2
POOR,WETLAND,WEATHERED,0x51A7E5EED,CLOCKWISE_180,11,11,5,5,151,114,2,9,7,1,-5,5,-1,3,-5,5,11,11,0,STATIC_COMPOSER_MODEL,27,25.93,0
POOR,TROPICAL,ABANDONED,0x51A7E5EED,CLOCKWISE_180,11,11,5,5,150,114,2,9,7,1,-5,5,-1,3,-5,5,11,11,0,STATIC_COMPOSER_MODEL,28,25.00,1
POOR,ARID,ABANDONED,0x51A7E5EED,CLOCKWISE_180,11,11,5,5,142,105,2,9,7,1,-5,5,-1,3,-5,5,11,11,0,STATIC_COMPOSER_MODEL,32,21.88,1
POOR,ROCKY,ABANDONED,0x51A7E5EED,CLOCKWISE_180,11,11,5,5,142,106,2,9,7,1,-5,5,-1,3,-5,5,11,11,0,STATIC_COMPOSER_MODEL,33,21.21,2
POOR,VOLCANIC,WEATHERED,0x51A7E5EED,CLOCKWISE_180,11,11,5,5,143,107,2,9,7,1,-5,5,-1,3,-5,5,11,11,0,STATIC_COMPOSER_MODEL,33,21.21,2
NORMAL,TEMPERATE,ACTIVE_RECENT,0x51A7E5EED,CLOCKWISE_180,13,13,6,5,226,170,3,15,12,2,-6,6,-1,3,-6,6,13,13,0,STATIC_COMPOSER_MODEL,45,26.67,0
NORMAL,CONIFER,ACTIVE_RECENT,0x51A7E5EED,CLOCKWISE_180,13,13,6,5,226,175,3,15,12,2,-6,6,-1,3,-6,6,13,13,0,STATIC_COMPOSER_MODEL,50,24.00,5
NORMAL,SNOWY,ACTIVE_RECENT,0x51A7E5EED,CLOCKWISE_180,13,13,6,5,226,174,3,15,12,2,-6,6,-1,3,-6,6,13,13,0,STATIC_COMPOSER_MODEL,49,24.49,4
NORMAL,WETLAND,ACTIVE_RECENT,0x51A7E5EED,CLOCKWISE_180,13,13,6,5,234,181,3,15,12,2,-6,6,-1,3,-6,6,13,13,0,STATIC_COMPOSER_MODEL,41,29.27,0
NORMAL,TROPICAL,WEATHERED,0x51A7E5EED,CLOCKWISE_180,13,13,6,5,236,185,3,15,12,2,-6,6,-1,3,-6,6,13,13,0,STATIC_COMPOSER_MODEL,43,27.91,2
NORMAL,ARID,ACTIVE_RECENT,0x51A7E5EED,CLOCKWISE_180,13,13,6,5,224,171,3,15,12,2,-6,6,-1,3,-6,6,13,13,0,STATIC_COMPOSER_MODEL,48,25.00,3
NORMAL,ROCKY,WEATHERED,0x51A7E5EED,CLOCKWISE_180,13,13,6,5,224,172,3,15,12,2,-6,6,-1,3,-6,6,13,13,0,STATIC_COMPOSER_MODEL,49,24.49,4
NORMAL,VOLCANIC,WEATHERED,0x51A7E5EED,CLOCKWISE_180,13,13,6,5,222,170,3,15,12,2,-6,6,-1,3,-6,6,13,13,0,STATIC_COMPOSER_MODEL,49,24.49,4
RICH,TEMPERATE,ACTIVE_RECENT,0x51A7E5EED,CLOCKWISE_180,15,15,7,7,325,234,3,21,18,2,-7,7,-1,5,-7,7,15,15,0,STATIC_COMPOSER_MODEL,68,26.47,0
RICH,CONIFER,ACTIVE_RECENT,0x51A7E5EED,CLOCKWISE_180,15,15,7,7,325,241,3,21,18,2,-7,7,-1,5,-7,7,15,15,0,STATIC_COMPOSER_MODEL,75,24.00,7
RICH,SNOWY,WEATHERED,0x51A7E5EED,CLOCKWISE_180,15,15,7,7,325,239,3,21,18,2,-7,7,-1,5,-7,7,15,15,0,STATIC_COMPOSER_MODEL,73,24.66,5
RICH,WETLAND,ACTIVE_RECENT,0x51A7E5EED,CLOCKWISE_180,15,15,7,7,345,254,3,21,18,2,-7,7,-1,5,-7,7,15,15,0,STATIC_COMPOSER_MODEL,64,28.13,0
RICH,TROPICAL,ACTIVE_RECENT,0x51A7E5EED,CLOCKWISE_180,15,15,7,7,347,258,3,21,18,2,-7,7,-1,5,-7,7,15,15,0,STATIC_COMPOSER_MODEL,66,27.27,2
RICH,ARID,WEATHERED,0x51A7E5EED,CLOCKWISE_180,15,15,7,7,323,236,3,21,18,2,-7,7,-1,5,-7,7,15,15,0,STATIC_COMPOSER_MODEL,72,25.00,4
RICH,ROCKY,ACTIVE_RECENT,0x51A7E5EED,CLOCKWISE_180,15,15,7,7,323,236,3,21,18,2,-7,7,-1,5,-7,7,15,15,0,STATIC_COMPOSER_MODEL,72,25.00,4
RICH,VOLCANIC,WEATHERED,0x51A7E5EED,CLOCKWISE_180,15,15,7,7,321,235,3,21,18,2,-7,7,-1,5,-7,7,15,15,0,STATIC_COMPOSER_MODEL,73,24.66,5
MOTHERLODE,TEMPERATE,ACTIVE_RECENT,0x51A7E5EED,CLOCKWISE_180,17,15,8,8,437,323,3,27,24,2,-7,7,-1,6,-7,7,15,15,0,STATIC_COMPOSER_MODEL,95,25.26,0
MOTHERLODE,CONIFER,WEATHERED,0x51A7E5EED,CLOCKWISE_180,17,15,8,8,437,332,3,27,24,2,-7,7,-1,6,-7,7,15,15,0,STATIC_COMPOSER_MODEL,104,23.08,9
MOTHERLODE,SNOWY,ACTIVE_RECENT,0x51A7E5EED,CLOCKWISE_180,17,15,8,8,437,329,3,27,24,2,-7,7,-1,6,-7,7,15,15,0,STATIC_COMPOSER_MODEL,101,23.76,6
MOTHERLODE,WETLAND,ACTIVE_RECENT,0x51A7E5EED,CLOCKWISE_180,17,15,8,8,468,354,3,27,24,2,-7,7,-1,6,-7,7,15,15,0,STATIC_COMPOSER_MODEL,91,26.37,0
MOTHERLODE,TROPICAL,ACTIVE_RECENT,0x51A7E5EED,CLOCKWISE_180,17,15,8,8,470,359,3,27,24,2,-7,7,-1,6,-7,7,15,15,0,STATIC_COMPOSER_MODEL,94,25.53,3
MOTHERLODE,ARID,WEATHERED,0x51A7E5EED,CLOCKWISE_180,17,15,8,8,435,326,3,27,24,2,-7,7,-1,6,-7,7,15,15,0,STATIC_COMPOSER_MODEL,100,24.00,5
MOTHERLODE,ROCKY,ACTIVE_RECENT,0x51A7E5EED,CLOCKWISE_180,17,15,8,8,435,325,3,27,24,2,-7,7,-1,6,-7,7,15,15,0,STATIC_COMPOSER_MODEL,99,24.24,4
MOTHERLODE,VOLCANIC,ACTIVE_RECENT,0x51A7E5EED,CLOCKWISE_180,17,15,8,8,433,325,3,27,24,2,-7,7,-1,6,-7,7,15,15,0,STATIC_COMPOSER_MODEL,101,23.76,6
